기준연도,시군명,연령대,성별,결제건수,결제금액,결제취소건수,결제취소금액,1회평균결제금액
2023,가평군,10대,남,8409,188845090.0,46.0,4871840.0,22457.0
2023,가평군,10대,여,6584,176605435.0,68.0,1841390.0,26823.0
2023,가평군,20대,남,70363,1545018255.0,728.0,37559999.0,21958.0
2023,가평군,20대,여,55118,1332506645.0,681.0,27996349.0,24176.0
2023,가평군,30대,남,110968,2682234965.0,1382.0,84476317.0,24171.0
2023,가평군,30대,여,99493,2563403916.0,1230.0,54207827.0,25765.0
2023,가평군,40대,남,167399,4188413440.0,1629.0,100770277.0,25021.0
2023,가평군,40대,여,189169,4782432633.0,1909.0,77437079.0,25281.0
2023,가평군,50대,남,190205,4879269120.0,1796.0,109244307.0,25653.0
2023,가평군,50대,여,170268,4780308547.0,1587.0,83345676.0,28075.0
2023,가평군,60대,남,152355,4134346549.0,1711.0,117406963.0,27136.0
2023,가평군,60대,여,139833,3865390398.0,1455.0,78865713.0,27643.0
2023,가평군,70대,남,48784,1409900715.0,680.0,55765030.0,28901.0
2023,가평군,70대,여,33691,879713472.0,326.0,16688410.0,26111.0
2023,가평군,80대 이상,남,6836,197625456.0,77.0,4300360.0,28910.0
2023,가평군,80대 이상,여,4243,140084165.0,38.0,1567980.0,33015.0
2023,가평군,기타,-,91045,2592855508.0,682.0,30353005.0,28479.0
2023,고양시,10대,남,80348,1551565824.0,348.0,15614255.0,19311.0
2023,고양시,10대,여,81511,1638715029.0,460.0,21222796.0,20104.0
2023,고양시,20대,남,620304,9383723031.0,3646.0,88401542.0,15128.0
2023,고양시,20대,여,667522,11422122145.0,5067.0,135259815.0,17111.0
2023,고양시,30대,남,479493,9357411531.0,2491.0,81666844.0,19515.0
2023,고양시,30대,여,659449,15135019922.0,4346.0,178742391.0,22951.0
2023,고양시,40대,남,791743,19760916918.0,4137.0,173208492.0,24959.0
2023,고양시,40대,여,1110201,26524695442.0,6719.0,255538856.0,23892.0
2023,고양시,50대,남,693793,13246234247.0,3453.0,103963707.0,19092.0
2023,고양시,50대,여,777743,14576511726.0,5366.0,139013940.0,18742.0
2023,고양시,60대,남,377377,6249814076.0,2042.0,44203936.0,16561.0
2023,고양시,60대,여,347788,6338975847.0,2866.0,72208506.0,18227.0
2023,고양시,70대,남,78932,1287157650.0,438.0,11284785.0,16307.0
2023,고양시,70대,여,84154,1505759389.0,705.0,17338158.0,17893.0
2023,고양시,80대 이상,남,17901,314668435.0,120.0,2806619.0,17578.0
2023,고양시,80대 이상,여,17631,313498611.0,108.0,3484980.0,17781.0
2023,고양시,기타,-,18426,309697499.0,157.0,2476336.0,16808.0
2023,과천시,10대,남,22766,513669271.0,88.0,6161480.0,22563.0
2023,과천시,10대,여,17165,470718771.0,99.0,6398930.0,27423.0
2023,과천시,20대,남,91106,1439339202.0,443.0,12439880.0,15799.0
2023,과천시,20대,여,93546,1664463426.0,586.0,17897761.0,17793.0
2023,과천시,30대,남,147593,2801833805.0,864.0,29099616.0,18984.0
2023,과천시,30대,여,215049,4555421132.0,1436.0,54449428.0,21183.0
2023,과천시,40대,남,212778,5847236129.0,1236.0,65183640.0,27480.0
2023,과천시,40대,여,293082,7547659168.0,2015.0,96652806.0,25753.0
2023,과천시,50대,남,164113,3562010888.0,984.0,32740411.0,21705.0
2023,과천시,50대,여,216684,4490800324.0,1555.0,56005590.0,20725.0
2023,과천시,60대,남,119960,2124716713.0,697.0,21562273.0,17712.0
2023,과천시,60대,여,147242,2857915886.0,1265.0,35614908.0,19410.0
2023,과천시,70대,남,31354,587902551.0,248.0,7228993.0,18750.0
2023,과천시,70대,여,33196,679442668.0,284.0,9841440.0,20468.0
2023,과천시,80대 이상,남,8858,165821079.0,79.0,2109107.0,18720.0
2023,과천시,80대 이상,여,11282,208881861.0,81.0,1757101.0,18515.0
2023,과천시,기타,-,6619,103283636.0,68.0,1353470.0,15604.0
2023,광명시,10대,남,65198,1765956765.0,301.0,20140011.0,27086.0
2023,광명시,10대,여,67159,2026662983.0,388.0,27133571.0,30177.0
2023,광명시,20대,남,282340,4684647536.0,2110.0,103305232.0,16592.0
2023,광명시,20대,여,301842,5604552813.0,2258.0,92109871.0,18568.0
2023,광명시,30대,남,490074,11795184064.0,5010.0,416413640.0,24068.0
2023,광명시,30대,여,612977,16210634358.0,4747.0,300199580.0,26446.0
2023,광명시,40대,남,851289,27444557085.0,7441.0,612080577.0,32239.0
2023,광명시,40대,여,1195721,35080509033.0,8426.0,485433541.0,29338.0
2023,광명시,50대,남,599090,13871049050.0,4166.0,279250365.0,23154.0
2023,광명시,50대,여,639276,12947503185.0,4231.0,189997440.0,20253.0
2023,광명시,60대,남,286019,5041076630.0,2061.0,111880565.0,17625.0
2023,광명시,60대,여,362033,6756008301.0,2355.0,92526529.0,18661.0
2023,광명시,70대,남,78219,1389895727.0,440.0,12215871.0,17769.0
2023,광명시,70대,여,100978,1867303540.0,628.0,26742591.0,18492.0
2023,광명시,80대 이상,남,12968,230563965.0,75.0,2451285.0,17779.0
2023,광명시,80대 이상,여,14660,282590814.0,121.0,5640013.0,19276.0
2023,광명시,기타,-,263912,3893876498.0,1748.0,28339295.0,14754.0
2023,광주시,10대,남,57186,1152084375.0,294.0,12306048.0,20146.0
2023,광주시,10대,여,57202,1206077072.0,384.0,16099630.0,21085.0
2023,광주시,20대,남,289010,5573549023.0,3088.0,186665248.0,19285.0
2023,광주시,20대,여,285207,6209298618.0,3027.0,152067872.0,21771.0
2023,광주시,30대,남,573504,13701606742.0,7366.0,576270613.0,23891.0
2023,광주시,30대,여,771656,19271957151.0,7957.0,473006402.0,24975.0
2023,광주시,40대,남,1113261,31169712640.0,11501.0,774923595.0,27999.0
2023,광주시,40대,여,1401922,37933885092.0,12135.0,641139298.0,27058.0
2023,광주시,50대,남,824556,20319249745.0,8406.0,566468062.0,24643.0
2023,광주시,50대,여,868646,21092996247.0,8662.0,458813330.0,24283.0
2023,광주시,60대,남,533569,12924744047.0,6927.0,493460493.0,24223.0
2023,광주시,60대,여,577500,13833351457.0,6332.0,313727626.0,23954.0
2023,광주시,70대,남,171976,4063928268.0,2271.0,146714643.0,23631.0
2023,광주시,70대,여,185273,4168051927.0,1817.0,79724354.0,22497.0
2023,광주시,80대 이상,남,34251,767079317.0,329.0,16380631.0,22396.0
2023,광주시,80대 이상,여,31270,688195860.0,278.0,11745157.0,22008.0
2023,광주시,기타,-,77898,1894533584.0,567.0,20731567.0,24321.0
2023,구리시,10대,남,31136,742094273.0,124.0,11566484.0,23834.0
2023,구리시,10대,여,31384,823811619.0,180.0,8853738.0,26249.0
2023,구리시,20대,남,209573,3218352057.0,989.0,21625471.0,15357.0
2023,구리시,20대,여,208250,4107509806.0,1304.0,44134353.0,19724.0
2023,구리시,30대,남,253572,5984824566.0,1359.0,72412263.0,23602.0
2023,구리시,30대,여,379935,9933929773.0,2452.0,141788994.0,26146.0
2023,구리시,40대,남,535541,17792013122.0,3051.0,197023542.0,33223.0
2023,구리시,40대,여,867625,27286748457.0,5500.0,339569865.0,31450.0
2023,구리시,50대,남,357993,9203810973.0,1768.0,87023651.0,25709.0
2023,구리시,50대,여,431653,10351579496.0,2860.0,107901236.0,23981.0
2023,구리시,60대,남,161070,3069612174.0,752.0,17719281.0,19058.0
2023,구리시,60대,여,170431,3837005706.0,1261.0,39242776.0,22514.0
2023,구리시,70대,남,34608,704535127.0,211.0,7366620.0,20358.0
2023,구리시,70대,여,43549,997666810.0,329.0,14461471.0,22909.0
2023,구리시,80대 이상,남,6944,136134752.0,41.0,2190169.0,19605.0
2023,구리시,80대 이상,여,7217,150470366.0,55.0,760055.0,20849.0
2023,구리시,기타,-,4287,112000992.0,43.0,1348365.0,26126.0
2023,군포시,10대,남,76770,1752566906.0,375.0,22216716.0,22829.0
2023,군포시,10대,여,71898,1832333585.0,475.0,32143816.0,25485.0
2023,군포시,20대,남,344381,5265046697.0,2170.0,94964861.0,15288.0
2023,군포시,20대,여,345869,6172343395.0,2484.0,91679700.0,17846.0
2023,군포시,30대,남,424234,8688709211.0,3658.0,235250426.0,20481.0
2023,군포시,30대,여,523279,11421495566.0,3881.0,205857590.0,21827.0
2023,군포시,40대,남,613408,16219670443.0,4520.0,276690916.0,26442.0
2023,군포시,40대,여,958492,22899080769.0,6892.0,322551936.0,23891.0
2023,군포시,50대,남,587998,12236025092.0,4163.0,230173861.0,20810.0
2023,군포시,50대,여,853887,15541950447.0,6083.0,217281394.0,18201.0
2023,군포시,60대,남,370080,6602783988.0,3008.0,145770493.0,17842.0
2023,군포시,60대,여,558376,9564752871.0,4619.0,153155598.0,17130.0
2023,군포시,70대,남,120742,2058204335.0,937.0,42134466.0,17046.0
2023,군포시,70대,여,159486,2628235510.0,1329.0,40560711.0,16479.0
2023,군포시,80대 이상,남,26537,442375407.0,215.0,7454739.0,16670.0
2023,군포시,80대 이상,여,31887,527473820.0,227.0,6831914.0,16542.0
2023,군포시,기타,-,5469,82920786.0,62.0,1640722.0,15162.0
2023,김포시,10대,남,49456,1450919752.0,198.0,12142385.0,29338.0
2023,김포시,10대,여,62754,1783550018.0,255.0,15430773.0,28421.0
2023,김포시,20대,남,246694,4620840097.0,1184.0,38245740.0,18731.0
2023,김포시,20대,여,335650,6793438270.0,1796.0,67665568.0,20240.0
2023,김포시,30대,남,416574,11967537269.0,1687.0,96391282.0,28728.0
2023,김포시,30대,여,778568,24614795984.0,3106.0,218870171.0,31615.0
2023,김포시,40대,남,693013,28815361879.0,2767.0,195664679.0,41580.0
2023,김포시,40대,여,1147321,44830102859.0,5216.0,333884467.0,39074.0
2023,김포시,50대,남,402978,11129409824.0,1426.0,69662957.0,27618.0
2023,김포시,50대,여,548866,13686755612.0,2411.0,113067267.0,24936.0
2023,김포시,60대,남,185466,4171889899.0,699.0,30003694.0,22494.0
2023,김포시,60대,여,232976,5707032929.0,1236.0,51486390.0,24496.0
2023,김포시,70대,남,50158,1147185600.0,261.0,12077342.0,22871.0
2023,김포시,70대,여,52338,1349813801.0,346.0,17347845.0,25790.0
2023,김포시,80대 이상,남,8071,195085563.0,33.0,1803768.0,24171.0
2023,김포시,80대 이상,여,7571,201382760.0,38.0,1408498.0,26599.0
2023,김포시,기타,-,127115,3612355769.0,975.0,36271816.0,28418.0
2023,남양주시,10대,남,120609,3223216438.0,468.0,23512466.0,26725.0
2023,남양주시,10대,여,117555,3420842899.0,629.0,34039656.0,29100.0
2023,남양주시,20대,남,554924,9394721535.0,2811.0,81687893.0,16930.0
2023,남양주시,20대,여,586355,11422860896.0,4029.0,126277245.0,19481.0
2023,남양주시,30대,남,663753,16060223328.0,3599.0,164017051.0,24196.0
2023,남양주시,30대,여,1070790,29980702547.0,6845.0,354370426.0,27999.0
2023,남양주시,40대,남,1378508,46827204598.0,7577.0,445501525.0,33969.0
2023,남양주시,40대,여,2178160,69219398494.0,13455.0,711148651.0,31779.0
2023,남양주시,50대,남,872129,21523196648.0,4155.0,166119355.0,24679.0
2023,남양주시,50대,여,929344,21752473060.0,5899.0,196364515.0,23406.0
2023,남양주시,60대,남,326450,6443127916.0,1667.0,50127361.0,19737.0
2023,남양주시,60대,여,328452,7650894163.0,2592.0,93396698.0,23294.0
2023,남양주시,70대,남,85478,1765933756.0,577.0,16634131.0,20660.0
2023,남양주시,70대,여,95155,2262447381.0,683.0,26232088.0,23776.0
2023,남양주시,80대 이상,남,17597,376550825.0,82.0,2964906.0,21399.0
2023,남양주시,80대 이상,여,17716,375075142.0,151.0,3548793.0,21172.0
2023,동두천시,10대,남,3900,106593854.0,23.0,415270.0,27332.0
2023,동두천시,10대,여,5568,141038814.0,29.0,1797180.0,25330.0
2023,동두천시,20대,남,62422,1216212431.0,755.0,38839668.0,19484.0
2023,동두천시,20대,여,60770,1277408565.0,674.0,30788416.0,21020.0
2023,동두천시,30대,남,75213,1932468677.0,1032.0,85718183.0,25693.0
2023,동두천시,30대,여,89512,2442484383.0,868.0,42188993.0,27287.0
2023,동두천시,40대,남,129241,3859895299.0,1278.0,80581725.0,29866.0
2023,동두천시,40대,여,152506,4761064514.0,1301.0,65602785.0,31219.0
2023,동두천시,50대,남,128061,3055773119.0,997.0,63489524.0,23862.0
2023,동두천시,50대,여,105676,2737366056.0,888.0,45490829.0,25903.0
2023,동두천시,60대,남,72417,1701872064.0,826.0,59889818.0,23501.0
2023,동두천시,60대,여,54353,1420010574.0,542.0,28624133.0,26126.0
2023,동두천시,70대,남,20206,476650808.0,223.0,16452241.0,23590.0
2023,동두천시,70대,여,12865,331069290.0,112.0,5123000.0,25734.0
2023,동두천시,80대 이상,남,4161,78605466.0,36.0,2446511.0,18891.0
2023,동두천시,80대 이상,여,3259,64407654.0,33.0,2407000.0,19763.0
2023,동두천시,기타,-,17820,470679886.0,163.0,7160592.0,26413.0
2023,부천시,10대,남,106048,2550472156.0,473.0,24417635.0,24050.0
2023,부천시,10대,여,112089,2710497246.0,616.0,25741114.0,24182.0
2023,부천시,20대,남,858320,12366317671.0,4195.0,96955350.0,14408.0
2023,부천시,20대,여,906441,14778614380.0,5978.0,149225666.0,16304.0
2023,부천시,30대,남,1051750,19634705410.0,5402.0,212775553.0,18669.0
2023,부천시,30대,여,1343177,28358411217.0,8161.0,342700312.0,21113.0
2023,부천시,40대,남,1498371,39243590824.0,7511.0,342355211.0,26191.0
2023,부천시,40대,여,2153181,52115428206.0,12404.0,510043203.0,24204.0
2023,부천시,50대,남,1246082,23088468254.0,6305.0,167112705.0,18529.0
2023,부천시,50대,여,1827109,30088256395.0,9958.0,230967318.0,16468.0
2023,부천시,60대,남,837103,12811178191.0,4167.0,83698101.0,15304.0
2023,부천시,60대,여,1283996,20199711526.0,8118.0,187416554.0,15732.0
2023,부천시,70대,남,239829,3709333514.0,1329.0,29475766.0,15467.0
2023,부천시,70대,여,314527,4955298747.0,1968.0,45465252.0,15755.0
2023,부천시,80대 이상,남,31257,509411981.0,224.0,6098122.0,16298.0
2023,부천시,80대 이상,여,46592,745683566.0,332.0,7052413.0,16005.0
2023,부천시,기타,-,19908,290191192.0,181.0,3159169.0,14577.0
2023,성남시,10대,남,57172,1953692569.0,297.0,14470201.0,34172.0
2023,성남시,10대,여,75556,2226348168.0,332.0,15835123.0,29466.0
2023,성남시,20대,남,274141,6234797583.0,2810.0,86335236.0,22743.0
2023,성남시,20대,여,430939,9961944875.0,2793.0,99154576.0,23117.0
2023,성남시,30대,남,480850,16167518143.0,1934.0,134942299.0,33623.0
2023,성남시,30대,여,983992,39037960469.0,3781.0,338706325.0,39673.0
2023,성남시,40대,남,610633,24751621508.0,2184.0,172821653.0,40534.0
2023,성남시,40대,여,1656387,77928928636.0,6362.0,551554571.0,47048.0
2023,성남시,50대,남,376520,12038668248.0,1045.0,69303882.0,31974.0
2023,성남시,50대,여,889370,26036539011.0,3278.0,171939648.0,29275.0
2023,성남시,60대,남,154020,3875772275.0,480.0,20198295.0,25164.0
2023,성남시,60대,여,294472,7712094699.0,954.0,49445327.0,26190.0
2023,성남시,70대,남,31032,961631596.0,112.0,6692320.0,30988.0
2023,성남시,70대,여,39376,1259972058.0,216.0,11722758.0,31998.0
2023,성남시,80대 이상,남,3576,142936964.0,15.0,834758.0,39971.0
2023,성남시,80대 이상,여,5805,203687167.0,38.0,1977890.0,35088.0
2023,수원시,10대,남,137983,3425911604.0,652.0,35837676.0,24829.0
2023,수원시,10대,여,144662,3438136987.0,797.0,40277008.0,23767.0
2023,수원시,20대,남,1250300,19725598180.0,7098.0,193758506.0,15777.0
2023,수원시,20대,여,1256696,22633826424.0,9736.0,270367451.0,18011.0
2023,수원시,30대,남,1396777,31107315083.0,7974.0,328980188.0,22271.0
2023,수원시,30대,여,1599271,41328465081.0,10503.0,514499932.0,25842.0
2023,수원시,40대,남,1923316,60163305202.0,10525.0,610684261.0,31281.0
2023,수원시,40대,여,2484653,71382130068.0,14955.0,742492357.0,28729.0
2023,수원시,50대,남,1331037,28103538296.0,6554.0,243715651.0,21114.0
2023,수원시,50대,여,1363607,26726094634.0,7986.0,235729687.0,19600.0
2023,수원시,60대,남,560847,9986261139.0,2984.0,74017150.0,17806.0
2023,수원시,60대,여,613597,11611761510.0,3996.0,104848978.0,18924.0
2023,수원시,70대,남,130492,2442036155.0,735.0,22892909.0,18714.0
2023,수원시,70대,여,157027,3093577627.0,1131.0,34915218.0,19701.0
2023,수원시,80대 이상,남,21397,398828655.0,113.0,5129192.0,18639.0
2023,수원시,80대 이상,여,20573,375717872.0,175.0,4324563.0,18263.0
2023,수원시,기타,-,14215,237605513.0,152.0,2621338.0,16715.0
2023,시흥시,10대,남,155990,7947821890.0,417.0,40523056.0,50951.0
2023,시흥시,10대,여,178265,8690418197.0,530.0,52224769.0,48750.0
2023,시흥시,10대 미만,남,19393,1040715628.0,50.0,6247270.0,53664.0
2023,시흥시,10대 미만,여,18382,1118099947.0,60.0,9247810.0,60826.0
2023,시흥시,20대,남,287170,7611631026.0,2599.0,79770288.0,26506.0
2023,시흥시,20대,여,450335,11322208079.0,2325.0,91804277.0,25142.0
2023,시흥시,30대,남,505942,15616997594.0,1526.0,88335229.0,30867.0
2023,시흥시,30대,여,1243268,39780952377.0,4151.0,278253962.0,31997.0
2023,시흥시,40대,남,721722,31607828824.0,1959.0,164509304.0,43795.0
2023,시흥시,40대,여,1742618,72932984800.0,5601.0,456912550.0,41853.0
2023,시흥시,50대,남,430066,13946567166.0,848.0,61102191.0,32429.0
2023,시흥시,50대,여,1038587,27697051770.0,2421.0,124600674.0,26668.0
2023,시흥시,60대,남,193383,5156733258.0,393.0,22542301.0,26666.0
2023,시흥시,60대,여,374144,9134372355.0,1156.0,69027527.0,24414.0
2023,시흥시,70대,남,31308,937030454.0,97.0,5857875.0,29929.0
2023,시흥시,70대,여,39194,1168239291.0,162.0,9614431.0,29807.0
2023,시흥시,80대 이상,남,4508,126414752.0,14.0,735643.0,28042.0
2023,시흥시,80대 이상,여,4628,169094829.0,25.0,1854846.0,36537.0
2023,안산시,10대,남,94491,2045782191.0,453.0,19357833.0,21651.0
2023,안산시,10대,여,99022,2325482872.0,640.0,29272245.0,23485.0
2023,안산시,20대,남,763623,11638177061.0,4077.0,103159812.0,15241.0
2023,안산시,20대,여,743816,13163199663.0,5451.0,147587449.0,17697.0
2023,안산시,30대,남,696712,12908135529.0,3880.0,124105459.0,18527.0
2023,안산시,30대,여,779191,16554173593.0,5506.0,187724024.0,21245.0
2023,안산시,40대,남,947952,21772576278.0,5194.0,184131488.0,22968.0
2023,안산시,40대,여,1250049,27948916874.0,8428.0,288617860.0,22358.0
2023,안산시,50대,남,1020951,18918971114.0,5328.0,141105346.0,18531.0
2023,안산시,50대,여,1260199,23283115750.0,9465.0,238047352.0,18476.0
2023,안산시,60대,남,654338,11161164741.0,4404.0,104063544.0,17057.0
2023,안산시,60대,여,716953,12976049404.0,6493.0,165882656.0,18099.0
2023,안산시,70대,남,159706,2741066555.0,1388.0,29888693.0,17163.0
2023,안산시,70대,여,182903,3150241815.0,1644.0,39598452.0,17224.0
2023,안산시,80대 이상,남,33424,551649459.0,246.0,5968434.0,16505.0
2023,안산시,80대 이상,여,35382,636143109.0,269.0,6514980.0,17979.0
2023,안산시,기타,-,7300,145102250.0,62.0,1046447.0,19877.0
2023,안성시,10대,남,24377,407733461.0,108.0,2698560.0,16726.0
2023,안성시,10대,여,20108,410417776.0,111.0,3068461.0,20411.0
2023,안성시,20대,남,199852,3362218987.0,1327.0,54527591.0,16824.0
2023,안성시,20대,여,175406,3349484784.0,1363.0,35865390.0,19096.0
2023,안성시,30대,남,252114,5452554146.0,1909.0,88974559.0,21627.0
2023,안성시,30대,여,239155,6273797491.0,1964.0,77910685.0,26233.0
2023,안성시,40대,남,435607,13009208677.0,2688.0,135898939.0,29865.0
2023,안성시,40대,여,476804,14863500464.0,3433.0,162569785.0,31173.0
2023,안성시,50대,남,364893,8468770684.0,2396.0,122244179.0,23209.0
2023,안성시,50대,여,308528,7579266149.0,2367.0,76310543.0,24566.0
2023,안성시,60대,남,207047,5141500099.0,1367.0,58985588.0,24833.0
2023,안성시,60대,여,175920,4632050940.0,1392.0,50332765.0,26330.0
2023,안성시,70대,남,60259,1592598394.0,510.0,22250854.0,26429.0
2023,안성시,70대,여,44559,1200970910.0,415.0,13645950.0,26952.0
2023,안성시,80대 이상,남,9363,232269798.0,82.0,2595741.0,24807.0
2023,안성시,80대 이상,여,8908,244818487.0,86.0,1711762.0,27483.0
2023,안양시,10대,남,91619,2828493429.0,482.0,31998452.0,30872.0
2023,안양시,10대,여,100067,2819235189.0,603.0,37891585.0,28173.0
2023,안양시,20대,남,685303,10649057202.0,3570.0,92024870.0,15539.0
2023,안양시,20대,여,738005,13082752218.0,5070.0,133524765.0,17727.0
2023,안양시,30대,남,1007400,21499598420.0,5544.0,225223236.0,21342.0
2023,안양시,30대,여,1210249,28357116294.0,8061.0,378809778.0,23431.0
2023,안양시,40대,남,1290441,36341594160.0,7025.0,367144345.0,28162.0
2023,안양시,40대,여,1698078,44865794937.0,10497.0,506154639.0,26422.0
2023,안양시,50대,남,960815,20457467524.0,4929.0,178752093.0,21292.0
2023,안양시,50대,여,1242827,23648980803.0,7441.0,230479948.0,19028.0
2023,안양시,60대,남,535335,9262509665.0,2747.0,70521243.0,17302.0
2023,안양시,60대,여,724719,13125167865.0,4730.0,139125412.0,18111.0
2023,안양시,70대,남,120186,2191875890.0,662.0,19786655.0,18237.0
2023,안양시,70대,여,148047,2745364889.0,1046.0,30675922.0,18544.0
2023,안양시,80대 이상,남,16902,315459920.0,107.0,3067326.0,18664.0
2023,안양시,80대 이상,여,25733,465438542.0,167.0,4973935.0,18087.0
2023,안양시,기타,-,555584,7933833021.0,3592.0,56422132.0,14280.0
2023,양주시,10대,남,25646,465590885.0,136.0,7461548.0,18155.0
2023,양주시,10대,여,28600,565941380.0,184.0,5535265.0,19788.0
2023,양주시,20대,남,150790,2830268104.0,1350.0,70006930.0,18770.0
2023,양주시,20대,여,153843,3239106155.0,1487.0,57913541.0,21055.0
2023,양주시,30대,남,218956,6068997033.0,2368.0,178722885.0,27718.0
2023,양주시,30대,여,298789,9286019613.0,2775.0,175603636.0,31079.0
2023,양주시,40대,남,408889,13104534328.0,3561.0,274504749.0,32049.0
2023,양주시,40대,여,598213,18548817928.0,4786.0,261040404.0,31007.0
2023,양주시,50대,남,273395,6852327543.0,2494.0,161762542.0,25064.0
2023,양주시,50대,여,246732,6135624661.0,2051.0,93207993.0,24868.0
2023,양주시,60대,남,114799,2665809771.0,1027.0,77012509.0,23222.0
2023,양주시,60대,여,97274,2433696933.0,861.0,38338981.0,25019.0
2023,양주시,70대,남,27472,675631720.0,290.0,15552865.0,24593.0
2023,양주시,70대,여,26153,609544003.0,227.0,10267967.0,23307.0
2023,양주시,80대 이상,남,6328,140416153.0,38.0,1666018.0,22190.0
2023,양주시,80대 이상,여,4658,110145510.0,30.0,1382200.0,23647.0
2023,양주시,기타,-,74436,2372052022.0,625.0,30980652.0,31867.0
2023,양평군,10대,남,32986,647236901.0,194.0,7717169.0,19622.0
2023,양평군,10대,여,24116,544649470.0,188.0,9494408.0,22585.0
2023,양평군,20대,남,104197,2385389492.0,1082.0,49643294.0,22893.0
2023,양평군,20대,여,97219,2298819302.0,1082.0,39624764.0,23646.0
2023,양평군,30대,남,147553,3644438886.0,1431.0,82573311.0,24699.0
2023,양평군,30대,여,172669,4241430884.0,1908.0,79400612.0,24564.0
2023,양평군,40대,남,285334,7166732071.0,2602.0,135315715.0,25117.0
2023,양평군,40대,여,397768,9405486379.0,3428.0,128400758.0,23646.0
2023,양평군,50대,남,311945,7670394294.0,2586.0,133570300.0,24589.0
2023,양평군,50대,여,354930,9009146411.0,3289.0,140545259.0,25383.0
2023,양평군,60대,남,303887,8436972073.0,3257.0,190514288.0,27764.0
2023,양평군,60대,여,296321,8221654476.0,3145.0,155686236.0,27746.0
2023,양평군,70대,남,124503,3481573579.0,1259.0,71239673.0,27964.0
2023,양평군,70대,여,98783,2669744921.0,973.0,40022292.0,27026.0
2023,양평군,80대 이상,남,23206,656178957.0,227.0,10646579.0,28276.0
2023,양평군,80대 이상,여,15021,408132339.0,148.0,7176950.0,27171.0
2023,양평군,기타,-,142849,4716302088.0,1174.0,57623445.0,33016.0
2023,여주시,10대,남,9978,176123021.0,44.0,2121230.0,17651.0
2023,여주시,10대,여,10519,250233806.0,80.0,3015865.0,23789.0
2023,여주시,20대,남,87458,1916512434.0,568.0,22114986.0,21914.0
2023,여주시,20대,여,87172,2047625627.0,802.0,24020799.0,23489.0
2023,여주시,30대,남,140578,3305396564.0,952.0,37834451.0,23513.0
2023,여주시,30대,여,175955,4690551055.0,1476.0,58372942.0,26658.0
2023,여주시,40대,남,270758,7732434695.0,1667.0,70292891.0,28558.0
2023,여주시,40대,여,355729,10421242953.0,2527.0,104816193.0,29295.0
2023,여주시,50대,남,249385,6592355933.0,1431.0,61417277.0,26434.0
2023,여주시,50대,여,230729,6590619845.0,1661.0,78513847.0,28564.0
2023,여주시,60대,남,136996,3848898821.0,828.0,38256023.0,28095.0
2023,여주시,60대,여,128852,3860003211.0,1063.0,45711125.0,29957.0
2023,여주시,70대,남,52132,1457172126.0,349.0,16032475.0,27952.0
2023,여주시,70대,여,37624,1085957003.0,316.0,12266654.0,28863.0
2023,여주시,80대 이상,남,7836,208579731.0,46.0,1818220.0,26618.0
2023,여주시,80대 이상,여,5688,168146332.0,52.0,1880054.0,29562.0
2023,연천군,10대,남,3582,71690250.0,56.0,3769950.0,20014.0
2023,연천군,10대,여,4808,95269987.0,58.0,1795294.0,19815.0
2023,연천군,20대,남,78632,1785876325.0,1129.0,63194701.0,22712.0
2023,연천군,20대,여,46392,1042435031.0,688.0,28822241.0,22470.0
2023,연천군,30대,남,93640,2254946864.0,1022.0,50638648.0,24081.0
2023,연천군,30대,여,65267,1705131314.0,857.0,29567143.0,26125.0
2023,연천군,40대,남,100409,2897997210.0,870.0,50377921.0,28862.0
2023,연천군,40대,여,116568,3336603223.0,1203.0,51028555.0,28624.0
2023,연천군,50대,남,101673,2647225134.0,937.0,53708455.0,26037.0
2023,연천군,50대,여,86186,2367322312.0,882.0,42128176.0,27468.0
2023,연천군,60대,남,66474,1836944233.0,557.0,32436395.0,27634.0
2023,연천군,60대,여,54575,1582191843.0,582.0,26577015.0,28991.0
2023,연천군,70대,남,16705,461885932.0,196.0,9733230.0,27650.0
2023,연천군,70대,여,15081,428866542.0,171.0,9696935.0,28438.0
2023,연천군,80대 이상,남,3755,120705794.0,62.0,3352855.0,32145.0
2023,연천군,80대 이상,여,4245,122874180.0,40.0,2168690.0,28946.0
2023,연천군,기타,-,156935,5026270653.0,1881.0,115294565.0,32028.0
2023,오산시,10대,남,23779,586157374.0,130.0,3812783.0,24650.0
2023,오산시,10대,여,23241,568792500.0,136.0,6253213.0,24474.0
2023,오산시,20대,남,153833,2672515646.0,974.0,23430328.0,17373.0
2023,오산시,20대,여,153733,3125447612.0,1248.0,35587049.0,20330.0
2023,오산시,30대,남,222796,5285402690.0,1583.0,52205195.0,23723.0
2023,오산시,30대,여,268852,7401479121.0,1973.0,81272852.0,27530.0
2023,오산시,40대,남,447879,14128239934.0,2914.0,129788459.0,31545.0
2023,오산시,40대,여,552971,16026493888.0,3543.0,158266661.0,28983.0
2023,오산시,50대,남,250573,5912385274.0,1268.0,44485910.0,23595.0
2023,오산시,50대,여,238683,5311002886.0,1420.0,52113480.0,22251.0
2023,오산시,60대,남,100606,2013742595.0,503.0,16145517.0,20016.0
2023,오산시,60대,여,109487,2350841074.0,705.0,22063087.0,21471.0
2023,오산시,70대,남,30181,631093331.0,142.0,5588858.0,20910.0
2023,오산시,70대,여,34413,731174792.0,229.0,6049872.0,21247.0
2023,오산시,80대 이상,남,5229,93845423.0,30.0,652760.0,17947.0
2023,오산시,80대 이상,여,5858,143849472.0,44.0,1118446.0,24556.0
2023,오산시,기타,-,21763,593337621.0,160.0,5669377.0,27264.0
2023,용인시,10대,남,155943,3906547243.0,887.0,56148563.0,25051.0
2023,용인시,10대,여,156598,3941243189.0,1017.0,55236273.0,25168.0
2023,용인시,20대,남,772178,13314865486.0,6320.0,223957336.0,17243.0
2023,용인시,20대,여,811950,15545145176.0,7319.0,244047185.0,19145.0
2023,용인시,30대,남,992973,25073140971.0,8898.0,515488806.0,25251.0
2023,용인시,30대,여,1428816,38914890877.0,11975.0,638725683.0,27236.0
2023,용인시,40대,남,1951095,66060576643.0,16357.0,944086255.0,33858.0
2023,용인시,40대,여,2980916,87997827040.0,22640.0,1132132699.0,29520.0
2023,용인시,50대,남,1120571,27751438191.0,7061.0,375012745.0,24765.0
2023,용인시,50대,여,1138622,26052484181.0,8335.0,333550797.0,22881.0
2023,용인시,60대,남,406891,8499687173.0,2928.0,153151811.0,20889.0
2023,용인시,60대,여,392799,9369787320.0,3266.0,136180525.0,23854.0
2023,용인시,70대,남,136293,3004861843.0,924.0,39704064.0,22047.0
2023,용인시,70대,여,137775,3273395925.0,1039.0,42855950.0,23759.0
2023,용인시,80대 이상,남,29602,622682184.0,220.0,7929648.0,21035.0
2023,용인시,80대 이상,여,23562,542932924.0,206.0,8971007.0,23043.0
2023,용인시,기타,-,202407,5782384460.0,1566.0,68249261.0,28568.0
2023,의왕시,10대,남,15799,299579424.0,60.0,1443756.0,18962.0
2023,의왕시,10대,여,15721,294832538.0,87.0,2577757.0,18754.0
2023,의왕시,20대,남,110949,1694094747.0,706.0,21901624.0,15269.0
2023,의왕시,20대,여,119672,2006290736.0,802.0,25125363.0,16765.0
2023,의왕시,30대,남,120204,2583672800.0,950.0,47260937.0,21494.0
2023,의왕시,30대,여,176314,4207430361.0,1203.0,56607068.0,23863.0
2023,의왕시,40대,남,190183,5323313661.0,1330.0,71444466.0,27990.0
2023,의왕시,40대,여,276361,7238295351.0,1992.0,86883194.0,26191.0
2023,의왕시,50대,남,138652,2838028578.0,931.0,39923992.0,20469.0
2023,의왕시,50대,여,203077,3867237000.0,1381.0,43628134.0,19043.0
2023,의왕시,60대,남,90534,1648655797.0,664.0,28330077.0,18210.0
2023,의왕시,60대,여,123541,2288504912.0,994.0,28697365.0,18524.0
2023,의왕시,70대,남,26058,466317022.0,230.0,9234650.0,17895.0
2023,의왕시,70대,여,25972,468538049.0,191.0,6447935.0,18040.0
2023,의왕시,80대 이상,남,3444,50616357.0,23.0,557960.0,14697.0
2023,의왕시,80대 이상,여,4178,73439811.0,43.0,2331100.0,17578.0
2023,의왕시,기타,-,12883,303997913.0,98.0,2648197.0,23597.0
2023,의정부시,10대,남,35392,837270368.0,225.0,10098204.0,23657.0
2023,의정부시,10대,여,41960,983402377.0,286.0,12102008.0,23437.0
2023,의정부시,20대,남,287231,4612870912.0,1706.0,38720202.0,16060.0
2023,의정부시,20대,여,313826,5848381137.0,2616.0,70076669.0,18636.0
2023,의정부시,30대,남,241695,5666651329.0,1493.0,61737123.0,23445.0
2023,의정부시,30대,여,347835,9405492645.0,2757.0,113406290.0,27040.0
2023,의정부시,40대,남,433567,13634536488.0,2527.0,116060855.0,31447.0
2023,의정부시,40대,여,654282,19961347445.0,4906.0,209080717.0,30509.0
2023,의정부시,50대,남,361514,7686342074.0,1853.0,61676709.0,21262.0
2023,의정부시,50대,여,430217,8584311888.0,2845.0,84827463.0,19953.0
2023,의정부시,60대,남,194447,3294378406.0,964.0,21282520.0,16942.0
2023,의정부시,60대,여,234132,4180692628.0,1360.0,38500289.0,17856.0
2023,의정부시,70대,남,61455,1073151329.0,312.0,7896900.0,17462.0
2023,의정부시,70대,여,71843,1250522475.0,399.0,11082913.0,17406.0
2023,의정부시,80대 이상,남,11653,200565523.0,65.0,2059550.0,17211.0
2023,의정부시,80대 이상,여,11645,213985037.0,78.0,2189709.0,18376.0
2023,의정부시,기타,-,42118,895568219.0,269.0,8980881.0,21263.0
2023,이천시,10대,남,33891,709054296.0,173.0,8524620.0,20922.0
2023,이천시,10대,여,29944,840169710.0,176.0,8661651.0,28058.0
2023,이천시,20대,남,229181,5432059078.0,1843.0,102985245.0,23702.0
2023,이천시,20대,여,219639,5678398725.0,1837.0,86483000.0,25853.0
2023,이천시,30대,남,439419,12567309119.0,4260.0,300933764.0,28600.0
2023,이천시,30대,여,524604,17113737260.0,4380.0,278055442.0,32622.0
2023,이천시,40대,남,687327,24748398012.0,5103.0,371364862.0,36007.0
2023,이천시,40대,여,807894,29025996173.0,5866.0,367401958.0,35928.0
2023,이천시,50대,남,481409,13543103906.0,3146.0,206232192.0,28132.0
2023,이천시,50대,여,446104,12827257174.0,3414.0,172645261.0,28754.0
2023,이천시,60대,남,227181,6065747812.0,1856.0,110011085.0,26700.0
2023,이천시,60대,여,203292,5831093028.0,1750.0,94423048.0,28683.0
2023,이천시,70대,남,47394,1286952222.0,356.0,17607165.0,27154.0
2023,이천시,70대,여,43221,1237076426.0,376.0,21573369.0,28622.0
2023,이천시,80대 이상,남,8080,194232686.0,56.0,2705478.0,24039.0
2023,이천시,80대 이상,여,6007,185868686.0,52.0,2876079.0,30942.0
2023,이천시,기타,-,180498,5666755486.0,1364.0,52697028.0,31395.0
2023,파주시,10대,남,72406,1848296980.0,348.0,14980870.0,25527.0
2023,파주시,10대,여,74636,2062884207.0,447.0,23593060.0,27639.0
2023,파주시,20대,남,475320,8651269084.0,2841.0,78383881.0,18201.0
2023,파주시,20대,여,457716,9189894095.0,3530.0,101870186.0,20078.0
2023,파주시,30대,남,943978,22498919825.0,5934.0,232938757.0,23834.0
2023,파주시,30대,여,906304,23564424572.0,6642.0,280840551.0,26001.0
2023,파주시,40대,남,1287655,37283741777.0,7531.0,332528813.0,28955.0
2023,파주시,40대,여,1328786,36877972362.0,8976.0,368223280.0,27753.0
2023,파주시,50대,남,914149,19796425244.0,4762.0,149904072.0,21656.0
2023,파주시,50대,여,709054,15321049058.0,4844.0,148012965.0,21608.0
2023,파주시,60대,남,390635,7852808499.0,2258.0,61789753.0,20103.0
2023,파주시,60대,여,276249,6363544971.0,2091.0,65480343.0,23036.0
2023,파주시,70대,남,83479,1851173939.0,544.0,16220950.0,22175.0
2023,파주시,70대,여,70169,1700232912.0,529.0,16929384.0,24231.0
2023,파주시,80대 이상,남,17902,360756994.0,120.0,4033310.0,20152.0
2023,파주시,80대 이상,여,18266,388676672.0,117.0,3153040.0,21279.0
2023,파주시,기타,-,856090,19303803748.0,5812.0,168431974.0,22549.0
2023,평택시,10대,남,60903,1449458918.0,307.0,15502260.0,23799.0
2023,평택시,10대,여,63602,1641494720.0,436.0,22829595.0,25809.0
2023,평택시,20대,남,493147,9085966333.0,3627.0,145948563.0,18424.0
2023,평택시,20대,여,455562,9251103569.0,4030.0,121350400.0,20307.0
2023,평택시,30대,남,894325,20504929866.0,7074.0,350262408.0,22928.0
2023,평택시,30대,여,818134,21425007609.0,6511.0,300223068.0,26188.0
2023,평택시,40대,남,1170029,33976120030.0,7622.0,390365841.0,29039.0
2023,평택시,40대,여,1167790,33666814971.0,8570.0,364974316.0,28830.0
2023,평택시,50대,남,797720,17677825922.0,4794.0,201989352.0,22160.0
2023,평택시,50대,여,639757,14205747618.0,4571.0,158699501.0,22205.0
2023,평택시,60대,남,342879,7248879258.0,2433.0,118928899.0,21141.0
2023,평택시,60대,여,296024,6810321910.0,2353.0,94878785.0,23006.0
2023,평택시,70대,남,76486,1726677170.0,546.0,25358422.0,22575.0
2023,평택시,70대,여,74085,1774164413.0,546.0,18967690.0,23948.0
2023,평택시,80대 이상,남,12056,275176794.0,72.0,2566435.0,22825.0
2023,평택시,80대 이상,여,13353,329879709.0,107.0,4001125.0,24705.0
2023,평택시,기타,-,673924,14442647934.0,4607.0,124198723.0,21431.0
2023,포천시,10대,남,7445,133960365.0,43.0,1198584.0,17993.0
2023,포천시,10대,여,9585,172466723.0,73.0,2471180.0,17993.0
2023,포천시,20대,남,101257,2123362015.0,1153.0,68545593.0,20970.0
2023,포천시,20대,여,83629,1867154091.0,955.0,44001121.0,22327.0
2023,포천시,30대,남,113389,2975920519.0,1816.0,130823297.0,26245.0
2023,포천시,30대,여,95517,2859066866.0,1263.0,68490415.0,29933.0
2023,포천시,40대,남,158769,4531469125.0,1616.0,109439540.0,28541.0
2023,포천시,40대,여,173168,5224366338.0,1668.0,80464603.0,30169.0
2023,포천시,50대,남,169877,4240584828.0,1405.0,89277104.0,24963.0
2023,포천시,50대,여,141029,3687874704.0,1439.0,81931542.0,26150.0
2023,포천시,60대,남,94699,2485979807.0,1001.0,72602655.0,26251.0
2023,포천시,60대,여,65522,1825313545.0,654.0,39378394.0,27858.0
2023,포천시,70대,남,16836,462118845.0,190.0,15023182.0,27448.0
2023,포천시,70대,여,10959,328739344.0,109.0,6114734.0,29997.0
2023,포천시,80대 이상,남,2619,86703884.0,24.0,2154500.0,33106.0
2023,포천시,80대 이상,여,2117,59764038.0,11.0,273101.0,28231.0
2023,포천시,기타,-,129160,4156969990.0,1041.0,49516050.0,32185.0
2023,하남시,10대,남,61148,1425968537.0,430.0,26855590.0,23320.0
2023,하남시,10대,여,65274,1656485631.0,443.0,24308215.0,25377.0
2023,하남시,20대,남,265746,4581961141.0,2342.0,118478956.0,17242.0
2023,하남시,20대,여,323015,6050795647.0,2807.0,125115752.0,18732.0
2023,하남시,30대,남,535105,12025299734.0,6455.0,499833880.0,22473.0
2023,하남시,30대,여,773849,17407192291.0,7252.0,450789721.0,22494.0
2023,하남시,40대,남,840881,23320145204.0,8598.0,654235925.0,27733.0
2023,하남시,40대,여,1154308,28828972978.0,10676.0,633908672.0,24975.0
2023,하남시,50대,남,464786,10733284999.0,5502.0,371072446.0,23093.0
2023,하남시,50대,여,544361,11670353520.0,5637.0,281323805.0,21439.0
2023,하남시,60대,남,310500,6603757181.0,4215.0,288555389.0,21268.0
2023,하남시,60대,여,421598,8707601165.0,4776.0,248370954.0,20654.0
2023,하남시,70대,남,142280,2893287731.0,1724.0,104093838.0,20335.0
2023,하남시,70대,여,154727,2951462015.0,1639.0,65109686.0,19075.0
2023,하남시,80대 이상,남,22707,427658743.0,223.0,8910678.0,18834.0
2023,하남시,80대 이상,여,27799,524776187.0,266.0,8949822.0,18878.0
2023,하남시,기타,-,14394,319209182.0,119.0,4609116.0,22177.0
2023,화성시,10대,남,183481,5768283680.0,829.0,70270801.0,31438.0
2023,화성시,10대,여,187048,6590044217.0,1288.0,84148479.0,35232.0
2023,화성시,20대,남,836759,15264476129.0,6221.0,275365418.0,18242.0
2023,화성시,20대,여,803471,16745648939.0,6899.0,246126581.0,20842.0
2023,화성시,30대,남,1738961,44061275512.0,13896.0,817598915.0,25338.0
2023,화성시,30대,여,2177161,59221050773.0,16584.0,888988896.0,27201.0
2023,화성시,40대,남,2675564,91344998921.0,17333.0,1136180990.0,34140.0
2023,화성시,40대,여,3326977,102000000000.0,24670.0,1347632945.0,30553.0
2023,화성시,50대,남,1238372,30855326234.0,7834.0,392269239.0,24916.0
2023,화성시,50대,여,1061085,24640566511.0,8039.0,310003440.0,23222.0
2023,화성시,60대,남,419385,8650253086.0,2965.0,130348992.0,20626.0
2023,화성시,60대,여,384913,9492046114.0,3423.0,137904765.0,24660.0
2023,화성시,70대,남,98710,2264292899.0,846.0,36746403.0,22939.0
2023,화성시,70대,여,96663,2463780199.0,957.0,33938353.0,25488.0
2023,화성시,80대 이상,남,16051,345320477.0,119.0,4847116.0,21514.0
2023,화성시,80대 이상,여,13738,358980560.0,118.0,4345786.0,26130.0
2023,화성시,기타,-,198560,6983256207.0,1595.0,83885804.0,35170.0
2022,가평군,10대,남,5784,137810151.0,62.0,2242930.0,23826.0
2022,가평군,10대,여,6303,153018795.0,62.0,3381558.0,24277.0
2022,가평군,20대,남,64436,1361977813.0,606.0,33067667.0,21137.0
2022,가평군,20대,여,54689,1228182078.0,694.0,28543455.0,22458.0
2022,가평군,30대,남,110560,2607782981.0,1421.0,87030663.0,23587.0
2022,가평군,30대,여,109079,2572210897.0,1295.0,57295467.0,23581.0
2022,가평군,40대,남,167210,4108172666.0,1470.0,91552821.0,24569.0
2022,가평군,40대,여,205682,4997618154.0,1929.0,73257428.0,24298.0
2022,가평군,50대,남,173077,4520699724.0,1606.0,117286141.0,26120.0
2022,가평군,50대,여,167582,4447382699.0,1614.0,90750496.0,26539.0
2022,가평군,60대,남,121845,3449814880.0,1396.0,110589109.0,28313.0
2022,가평군,60대,여,122661,3404315286.0,1275.0,67326052.0,27754.0
2022,가평군,70대,남,32853,958805470.0,376.0,26833798.0,29185.0
2022,가평군,70대,여,25506,657893200.0,219.0,12026890.0,25794.0
2022,가평군,80대 이상,남,4365,122005016.0,64.0,5152000.0,27951.0
2022,가평군,80대 이상,여,3557,110951808.0,30.0,1747210.0,31193.0
2022,가평군,기타,-,114452,3478667235.0,990.0,52278092.0,30394.0
2022,고양시,10대,남,167208,3342598621.0,861.0,36732465.0,19991.0
2022,고양시,10대,여,159040,3492809704.0,1049.0,46868647.0,21962.0
2022,고양시,20대,남,887348,12984370099.0,5576.0,132507814.0,14633.0
2022,고양시,20대,여,942628,15885507714.0,7759.0,211730972.0,16852.0
2022,고양시,30대,남,901579,17688334245.0,5954.0,215269658.0,19619.0
2022,고양시,30대,여,1273713,28361244741.0,9967.0,411758256.0,22267.0
2022,고양시,40대,남,1475638,36792833945.0,9247.0,396130247.0,24934.0
2022,고양시,40대,여,2179411,52351658891.0,15794.0,609260186.0,24021.0
2022,고양시,50대,남,1152717,22133348202.0,6347.0,196913949.0,19201.0
2022,고양시,50대,여,1337157,25093804933.0,10154.0,279251275.0,18767.0
2022,고양시,60대,남,506794,8495782111.0,3059.0,73093415.0,16764.0
2022,고양시,60대,여,485796,9126193545.0,4074.0,109756371.0,18786.0
2022,고양시,70대,남,101185,1760391119.0,685.0,17621520.0,17398.0
2022,고양시,70대,여,122957,2275372605.0,1064.0,26843705.0,18505.0
2022,고양시,80대 이상,남,20950,380602248.0,150.0,3921643.0,18167.0
2022,고양시,80대 이상,여,27119,488813806.0,213.0,5876738.0,18025.0
2022,고양시,기타,-,1,9500.0,0.0,0.0,9500.0
2022,고양시,기타,-,482514,9211321269.0,3496.0,94873064.0,19090.0
2022,과천시,10대,남,29199,657106436.0,169.0,10836299.0,22504.0
2022,과천시,10대,여,25645,651241370.0,164.0,10195132.0,25394.0
2022,과천시,20대,남,128685,1982058219.0,724.0,23331541.0,15402.0
2022,과천시,20대,여,128226,2230181921.0,914.0,28301735.0,17393.0
2022,과천시,30대,남,187286,3657332673.0,1396.0,78747481.0,19528.0
2022,과천시,30대,여,250512,5328032396.0,1899.0,82619255.0,21269.0
2022,과천시,40대,남,255397,6669592685.0,1827.0,94662166.0,26115.0
2022,과천시,40대,여,365158,8963535496.0,2728.0,117352440.0,24547.0
2022,과천시,50대,남,193881,4236419652.0,1319.0,61584807.0,21851.0
2022,과천시,50대,여,261278,5559722803.0,2139.0,74130178.0,21279.0
2022,과천시,60대,남,117096,2191324371.0,897.0,32203629.0,18714.0
2022,과천시,60대,여,136291,2817261322.0,1375.0,45061977.0,20671.0
2022,과천시,70대,남,26563,532748032.0,226.0,8139487.0,20056.0
2022,과천시,70대,여,33980,733646427.0,320.0,11713990.0,21591.0
2022,과천시,80대 이상,남,8642,172547804.0,91.0,4837570.0,19966.0
2022,과천시,80대 이상,여,11091,212204290.0,95.0,2245675.0,19133.0
2022,과천시,기타,-,149404,3033207885.0,1351.0,35562642.0,20302.0
2022,광명시,10대,남,64934,1608342586.0,336.0,20846100.0,24769.0
2022,광명시,10대,여,63907,1591474609.0,365.0,15390923.0,24903.0
2022,광명시,20대,남,264748,4247894698.0,1886.0,90824323.0,16045.0
2022,광명시,20대,여,280971,5285391496.0,2358.0,79647453.0,18811.0
2022,광명시,30대,남,377841,9902758821.0,4346.0,358538882.0,26209.0
2022,광명시,30대,여,595298,16545213528.0,5086.0,330609738.0,27793.0
2022,광명시,40대,남,752600,25624238383.0,6840.0,577347383.0,34048.0
2022,광명시,40대,여,1200733,36305915243.0,9151.0,544872882.0,30236.0
2022,광명시,50대,남,420386,10473966247.0,3011.0,198078587.0,24915.0
2022,광명시,50대,여,525990,10962272736.0,3694.0,158853758.0,20841.0
2022,광명시,60대,남,173493,3105103160.0,1216.0,75146231.0,17898.0
2022,광명시,60대,여,266231,4945205847.0,1741.0,61633372.0,18575.0
2022,광명시,70대,남,47483,795069567.0,304.0,10899640.0,16744.0
2022,광명시,70대,여,64622,1176177869.0,398.0,14745826.0,18201.0
2022,광명시,80대 이상,남,6693,113790668.0,33.0,857490.0,17001.0
2022,광명시,80대 이상,여,8826,165637943.0,85.0,3707736.0,18767.0
2022,광명시,기타,-,133853,2374673254.0,910.0,24542308.0,17741.0
2022,광주시,10대,남,80671,1327689736.0,440.0,18335454.0,16458.0
2022,광주시,10대,여,79100,1578232773.0,619.0,27398564.0,19952.0
2022,광주시,20대,남,401592,7836142047.0,4603.0,265848130.0,19513.0
2022,광주시,20대,여,369541,8092313597.0,3881.0,197195750.0,21898.0
2022,광주시,30대,남,888497,21980091267.0,11294.0,840008829.0,24739.0
2022,광주시,30대,여,1122978,28764147889.0,11243.0,654535326.0,25614.0
2022,광주시,40대,남,1601548,45013456807.0,17463.0,1229401688.0,28106.0
2022,광주시,40대,여,1987864,54707549824.0,18494.0,1041689522.0,27521.0
2022,광주시,50대,남,1102413,28813992449.0,11728.0,910552436.0,26137.0
2022,광주시,50대,여,1158228,29771331086.0,12103.0,681222336.0,25704.0
2022,광주시,60대,남,625828,16637153586.0,8165.0,633816444.0,26584.0
2022,광주시,60대,여,674989,17142835708.0,7763.0,429045596.0,25397.0
2022,광주시,70대,남,179674,4740166800.0,2618.0,202538227.0,26382.0
2022,광주시,70대,여,185942,4346584116.0,1924.0,89991196.0,23376.0
2022,광주시,80대 이상,남,27864,688308844.0,291.0,19260752.0,24702.0
2022,광주시,80대 이상,여,27801,615492533.0,204.0,10268767.0,22139.0
2022,광주시,기타,-,138550,3723929402.0,1247.0,63850644.0,26878.0
2022,구리시,10대,남,40677,559415691.0,168.0,6559662.0,13753.0
2022,구리시,10대,여,34980,587642619.0,220.0,8075013.0,16799.0
2022,구리시,20대,남,268840,3798532943.0,1294.0,33861422.0,14129.0
2022,구리시,20대,여,253271,4764703999.0,1860.0,55157290.0,18813.0
2022,구리시,30대,남,284857,6453927453.0,1648.0,70215944.0,22657.0
2022,구리시,30대,여,453789,11943965875.0,3221.0,155002402.0,26321.0
2022,구리시,40대,남,565861,17600689333.0,3272.0,181617569.0,31104.0
2022,구리시,40대,여,934443,30459307287.0,6520.0,391408916.0,32596.0
2022,구리시,50대,남,371395,8794457546.0,1869.0,81788709.0,23680.0
2022,구리시,50대,여,436238,10245012593.0,3041.0,118738796.0,23485.0
2022,구리시,60대,남,154575,2860276209.0,822.0,17412180.0,18504.0
2022,구리시,60대,여,162626,3577104337.0,1219.0,31717414.0,21996.0
2022,구리시,70대,남,32256,566717457.0,203.0,4917995.0,17569.0
2022,구리시,70대,여,43025,880029026.0,338.0,9078492.0,20454.0
2022,구리시,80대 이상,남,6656,112034620.0,48.0,1303600.0,16832.0
2022,구리시,80대 이상,여,8267,165292319.0,69.0,2910045.0,19994.0
2022,구리시,기타,-,260281,4376751016.0,1700.0,34035728.0,16815.0
2022,군포시,10대,남,128746,2815334246.0,569.0,27784656.0,21867.0
2022,군포시,10대,여,121655,2879444381.0,840.0,40967961.0,23669.0
2022,군포시,20대,남,492783,7533800042.0,3275.0,139139919.0,15288.0
2022,군포시,20대,여,490561,8979230648.0,3824.0,156996572.0,18304.0
2022,군포시,30대,남,663658,13754483568.0,5954.0,373773944.0,20725.0
2022,군포시,30대,여,835484,18510640139.0,6659.0,356293803.0,22156.0
2022,군포시,40대,남,972140,25771424760.0,7710.0,471232364.0,26510.0
2022,군포시,40대,여,1520150,36738937581.0,12109.0,535509364.0,24168.0
2022,군포시,50대,남,837841,17988414973.0,6502.0,354067756.0,21470.0
2022,군포시,50대,여,1222988,23248339544.0,9524.0,359626415.0,19009.0
2022,군포시,60대,남,458390,8813682259.0,3973.0,215863424.0,19227.0
2022,군포시,60대,여,695157,12717078366.0,6157.0,234154965.0,18294.0
2022,군포시,70대,남,125960,2405037609.0,1045.0,46499543.0,19094.0
2022,군포시,70대,여,172118,3116233104.0,1431.0,55342130.0,18105.0
2022,군포시,80대 이상,남,24862,465056432.0,228.0,7409459.0,18706.0
2022,군포시,80대 이상,여,33319,608104539.0,325.0,11826981.0,18251.0
2022,군포시,기타,-,149406,2632646872.0,1114.0,39355180.0,17621.0
2022,김포시,10대,남,77995,2928914766.0,290.0,18074866.0,37460.0
2022,김포시,10대,여,93038,3407998294.0,448.0,31535816.0,36467.0
2022,김포시,20대,남,428403,8351539035.0,1846.0,58428858.0,19442.0
2022,김포시,20대,여,555590,12406750945.0,2810.0,113721610.0,22239.0
2022,김포시,30대,남,866832,26427399888.0,3740.0,199658255.0,30388.0
2022,김포시,30대,여,1613914,52465601246.0,7209.0,476974357.0,32357.0
2022,김포시,40대,남,1503699,63053622149.0,6269.0,433409571.0,41818.0
2022,김포시,40대,여,2540720,98248221402.0,11530.0,753323921.0,38548.0
2022,김포시,50대,남,757866,24297309821.0,2642.0,150098011.0,31974.0
2022,김포시,50대,여,991534,28743999250.0,4344.0,223194324.0,28891.0
2022,김포시,60대,남,281177,7192849842.0,1122.0,53078092.0,25494.0
2022,김포시,60대,여,361348,10558419151.0,1848.0,97724821.0,29098.0
2022,김포시,70대,남,66731,1824965433.0,343.0,16654508.0,27239.0
2022,김포시,70대,여,74187,2330309750.0,496.0,25322329.0,31279.0
2022,김포시,80대 이상,남,8903,281355136.0,52.0,2149869.0,31546.0
2022,김포시,80대 이상,여,9042,315028912.0,65.0,2941460.0,34764.0
2022,김포시,기타,-,348782,9591219602.0,2537.0,97866536.0,27418.0
2022,남양주시,10대,남,115250,1943687093.0,480.0,18420532.0,16865.0
2022,남양주시,10대,여,108564,1999771341.0,582.0,18250745.0,18420.0
2022,남양주시,20대,남,520988,8608196597.0,2640.0,69542234.0,16523.0
2022,남양주시,20대,여,541965,10499243731.0,4046.0,121675217.0,19373.0
2022,남양주시,30대,남,673902,17331745904.0,3972.0,204662726.0,25718.0
2022,남양주시,30대,여,1176738,35272599654.0,8488.0,484999339.0,29975.0
2022,남양주시,40대,남,1556545,52361956677.0,9192.0,596560294.0,33640.0
2022,남양주시,40대,여,2547717,84872754375.0,17231.0,1005276804.0,33313.0
2022,남양주시,50대,남,859906,21346154322.0,4314.0,180388929.0,24824.0
2022,남양주시,50대,여,872877,21331833605.0,5849.0,216394346.0,24439.0
2022,남양주시,60대,남,279491,5570391877.0,1425.0,42460403.0,19930.0
2022,남양주시,60대,여,269755,6068953925.0,2079.0,75017208.0,22498.0
2022,남양주시,70대,남,72482,1414335385.0,404.0,14438277.0,19513.0
2022,남양주시,70대,여,78241,1667165496.0,581.0,22619063.0,21308.0
2022,남양주시,80대 이상,남,12246,243590239.0,78.0,2300913.0,19891.0
2022,남양주시,80대 이상,여,15774,320630333.0,119.0,3319024.0,20327.0
2022,남양주시,기타,-,287356,6100501477.0,2118.0,61720404.0,21230.0
2022,동두천시,10대,남,4687,112668330.0,21.0,1344650.0,24038.0
2022,동두천시,10대,여,6611,132459130.0,72.0,2200380.0,20036.0
2022,동두천시,20대,남,72170,1436262335.0,793.0,36028258.0,19901.0
2022,동두천시,20대,여,68981,1464267223.0,742.0,26897427.0,21227.0
2022,동두천시,30대,남,93172,2276581368.0,1078.0,68463806.0,24434.0
2022,동두천시,30대,여,117237,3115811940.0,1269.0,61003427.0,26577.0
2022,동두천시,40대,남,162201,4467207345.0,1403.0,80128494.0,27541.0
2022,동두천시,40대,여,193968,5587039698.0,1719.0,73539302.0,28804.0
2022,동두천시,50대,남,153918,3574444704.0,1134.0,60094474.0,23223.0
2022,동두천시,50대,여,124900,3310421440.0,1145.0,57562566.0,26505.0
2022,동두천시,60대,남,75761,1783228873.0,703.0,41712747.0,23538.0
2022,동두천시,60대,여,64284,1753263451.0,604.0,31542835.0,27274.0
2022,동두천시,70대,남,19662,455871529.0,171.0,7327214.0,23185.0
2022,동두천시,70대,여,15240,391404911.0,119.0,3778324.0,25683.0
2022,동두천시,80대 이상,남,3536,76412135.0,46.0,2548618.0,21610.0
2022,동두천시,80대 이상,여,3825,91653849.0,34.0,1390550.0,23962.0
2022,동두천시,기타,-,103231,2530505348.0,827.0,35812870.0,24513.0
2022,부천시,10대,남,147824,2887382373.0,684.0,26458557.0,19533.0
2022,부천시,10대,여,150702,3113756816.0,753.0,35764797.0,20662.0
2022,부천시,20대,남,1082573,15206926562.0,5275.0,121241546.0,14047.0
2022,부천시,20대,여,1135014,18160411837.0,7433.0,192348757.0,16000.0
2022,부천시,30대,남,1389508,26198331703.0,7279.0,285826248.0,18854.0
2022,부천시,30대,여,1740340,36946449290.0,10877.0,470991525.0,21229.0
2022,부천시,40대,남,1956487,49051828709.0,10288.0,470250438.0,25071.0
2022,부천시,40대,여,2883995,68228577079.0,17460.0,679453153.0,23658.0
2022,부천시,50대,남,1458700,27055165911.0,7671.0,204471144.0,18547.0
2022,부천시,50대,여,2205089,36920490761.0,12797.0,331441561.0,16743.0
2022,부천시,60대,남,861566,13580150191.0,4394.0,102568774.0,15762.0
2022,부천시,60대,여,1352252,21668070271.0,8707.0,215875426.0,16024.0
2022,부천시,70대,남,216456,3419057869.0,1293.0,29265045.0,15796.0
2022,부천시,70대,여,294183,4719076760.0,1887.0,43325098.0,16041.0
2022,부천시,80대 이상,남,24207,413112328.0,154.0,4008934.0,17066.0
2022,부천시,80대 이상,여,37679,612015668.0,263.0,6313561.0,16243.0
2022,부천시,기타,-,16477,214933081.0,154.0,2759920.0,13044.0
2022,성남시,10대,남,86652,3664053208.0,505.0,30301666.0,42285.0
2022,성남시,10대,여,112004,4172960693.0,582.0,31787379.0,37257.0
2022,성남시,20대,남,308441,7068430189.0,2576.0,88903448.0,22917.0
2022,성남시,20대,여,512499,12194553396.0,3181.0,113300579.0,23794.0
2022,성남시,30대,남,638544,22369364956.0,2811.0,212469059.0,35032.0
2022,성남시,30대,여,1268106,49138345038.0,5160.0,434704130.0,38749.0
2022,성남시,40대,남,903225,38812671274.0,3499.0,256600242.0,42971.0
2022,성남시,40대,여,2290904,96123377811.0,9320.0,699546992.0,41959.0
2022,성남시,50대,남,483001,16405863094.0,1581.0,106963249.0,33967.0
2022,성남시,50대,여,1088032,30333741001.0,4377.0,205790549.0,27879.0
2022,성남시,60대,남,177122,4686602126.0,619.0,35284182.0,26460.0
2022,성남시,60대,여,341206,9447427262.0,1361.0,70194699.0,27688.0
2022,성남시,70대,남,36261,1384452694.0,169.0,12306409.0,38180.0
2022,성남시,70대,여,48642,1911772289.0,256.0,18982312.0,39303.0
2022,성남시,80대 이상,남,4100,243587091.0,15.0,1243070.0,59411.0
2022,성남시,80대 이상,여,6719,305916674.0,47.0,3803587.0,45530.0
2022,성남시,80대 이상,남,283,17481380.0,3.0,198100.0,61772.0
2022,성남시,80대 이상,여,366,20427690.0,0.0,0.0,55813.0
2022,성남시,기타,,535,51759360.0,3.0,77500.0,96746.0
2022,수원시,10대,남,189957,4268758201.0,1020.0,46539439.0,22472.0
2022,수원시,10대,여,199103,4353904236.0,1270.0,50954160.0,21868.0
2022,수원시,20대,남,1531457,23133533663.0,10142.0,269524637.0,15106.0
2022,수원시,20대,여,1477134,25680807433.0,13654.0,347322269.0,17386.0
2022,수원시,30대,남,1759212,36650715130.0,13452.0,559982605.0,20834.0
2022,수원시,30대,여,1978416,47992059336.0,15819.0,689175166.0,24258.0
2022,수원시,40대,남,2428362,68076104998.0,15854.0,826936248.0,28034.0
2022,수원시,40대,여,3189557,83704719219.0,22261.0,996573983.0,26243.0
2022,수원시,50대,남,1540982,30760825295.0,8202.0,295760120.0,19962.0
2022,수원시,50대,여,1606750,30157996992.0,10355.0,300066827.0,18770.0
2022,수원시,60대,남,588439,10287349781.0,3280.0,95011241.0,17482.0
2022,수원시,60대,여,662228,12264688317.0,4474.0,124343117.0,18520.0
2022,수원시,70대,남,133384,2446367866.0,807.0,21862642.0,18341.0
2022,수원시,70대,여,166576,3139892105.0,1107.0,38376175.0,18850.0
2022,수원시,80대 이상,남,21232,385853278.0,161.0,4921171.0,18173.0
2022,수원시,80대 이상,여,20192,365654905.0,123.0,2603956.0,18109.0
2022,수원시,기타,-,31479,627623811.0,249.0,6190820.0,19938.0
2022,시흥시,10대,남,173470,8290026718.0,448.0,31731259.0,47789.0
2022,시흥시,10대,여,205754,9273081598.0,593.0,48122354.0,45069.0
2022,시흥시,10대 미만,남,19568,1237748538.0,49.0,4679720.0,63254.0
2022,시흥시,10대 미만,여,20192,1299690547.0,58.0,6713950.0,64367.0
2022,시흥시,20대,남,355488,8938696834.0,2408.0,81317413.0,25145.0
2022,시흥시,20대,여,553501,13551272706.0,2561.0,98639354.0,24483.0
2022,시흥시,30대,남,653191,18976253302.0,2054.0,117549890.0,29052.0
2022,시흥시,30대,여,1591547,46527617083.0,5343.0,321379417.0,29234.0
2022,시흥시,40대,남,882147,33628307427.0,2315.0,155740558.0,38121.0
2022,시흥시,40대,여,2084431,75803335792.0,6247.0,396832219.0,36366.0
2022,시흥시,50대,남,489826,14920169786.0,1031.0,56607066.0,30460.0
2022,시흥시,50대,여,1206471,30624338134.0,2936.0,152873241.0,25383.0
2022,시흥시,60대,남,204264,5431166340.0,408.0,24227879.0,26589.0
2022,시흥시,60대,여,377939,9245927699.0,1174.0,64586904.0,24464.0
2022,시흥시,70대,남,33410,964070272.0,113.0,5382241.0,28856.0
2022,시흥시,70대,여,39386,1137867361.0,160.0,10095406.0,28890.0
2022,시흥시,80대 이상,남,4760,133457251.0,15.0,450686.0,28037.0
2022,시흥시,80대 이상,여,4837,188800504.0,18.0,1119230.0,39033.0
2022,안산시,10대,남,162878,3406198442.0,830.0,30236013.0,20913.0
2022,안산시,10대,여,170902,3807420724.0,1155.0,45438738.0,22278.0
2022,안산시,20대,남,1092705,16806751411.0,6237.0,163511417.0,15381.0
2022,안산시,20대,여,1059399,19012201225.0,8213.0,229896754.0,17946.0
2022,안산시,30대,남,1120731,21034348330.0,7010.0,218008068.0,18768.0
2022,안산시,30대,여,1287768,27104266391.0,9953.0,337493683.0,21047.0
2022,안산시,40대,남,1532498,34816541401.0,9457.0,347544306.0,22719.0
2022,안산시,40대,여,2169981,47142492285.0,16184.0,546626022.0,21725.0
2022,안산시,50대,남,1526369,29851015980.0,9112.0,273749866.0,19557.0
2022,안산시,50대,여,2055461,39977386912.0,16267.0,478780678.0,19449.0
2022,안산시,60대,남,810776,14997754507.0,5873.0,161415932.0,18498.0
2022,안산시,60대,여,963940,18613443752.0,9241.0,274041975.0,19310.0
2022,안산시,70대,남,184750,3340591972.0,1623.0,40330930.0,18082.0
2022,안산시,70대,여,226617,4073202272.0,2187.0,59413642.0,17974.0
2022,안산시,80대 이상,남,31892,565761367.0,266.0,7398247.0,17740.0
2022,안산시,80대 이상,여,43623,820028243.0,388.0,12336768.0,18798.0
2022,안산시,기타,-,479889,9876195177.0,4128.0,141441214.0,20580.0
2022,안성시,10대,남,28770,383512147.0,120.0,3452505.0,13330.0
2022,안성시,10대,여,24698,412104467.0,164.0,3642974.0,16686.0
2022,안성시,20대,남,207933,3541825752.0,1607.0,62356408.0,17033.0
2022,안성시,20대,여,180504,3576849993.0,1545.0,45225693.0,19816.0
2022,안성시,30대,남,272241,6105898182.0,2436.0,122954996.0,22428.0
2022,안성시,30대,여,267222,7269971000.0,2486.0,92739004.0,27206.0
2022,안성시,40대,남,460087,13550285985.0,3316.0,194673336.0,29452.0
2022,안성시,40대,여,517049,16035233228.0,4265.0,194068124.0,31013.0
2022,안성시,50대,남,355405,8621491806.0,2345.0,127632943.0,24258.0
2022,안성시,50대,여,277847,7174402148.0,2256.0,84837927.0,25821.0
2022,안성시,60대,남,171947,4501747796.0,1217.0,69275516.0,26181.0
2022,안성시,60대,여,140313,3885847219.0,1161.0,44751273.0,27694.0
2022,안성시,70대,남,44696,1294794852.0,362.0,22242690.0,28969.0
2022,안성시,70대,여,31074,922516144.0,245.0,11088479.0,29688.0
2022,안성시,80대 이상,남,6343,171107888.0,39.0,1878365.0,26976.0
2022,안성시,80대 이상,여,5794,164600919.0,55.0,1765330.0,28409.0
2022,안성시,기타,-,199107,6642071348.0,1488.0,64725504.0,33359.0
2022,안양시,10대,남,96213,2880636563.0,518.0,31200653.0,29940.0
2022,안양시,10대,여,104828,2969852756.0,728.0,37357837.0,28331.0
2022,안양시,20대,남,570472,9034926550.0,3537.0,86131498.0,15838.0
2022,안양시,20대,여,642924,11955361083.0,5392.0,151130851.0,18595.0
2022,안양시,30대,남,789776,17585864924.0,5685.0,230041171.0,22267.0
2022,안양시,30대,여,1003505,24955032572.0,8065.0,350025284.0,24868.0
2022,안양시,40대,남,1053083,30045019376.0,6655.0,339000423.0,28531.0
2022,안양시,40대,여,1556910,41667002043.0,11296.0,506554927.0,26763.0
2022,안양시,50대,남,696425,15079262246.0,3741.0,128530545.0,21652.0
2022,안양시,50대,여,954203,18251797235.0,6075.0,185802163.0,19128.0
2022,안양시,60대,남,334799,6073005144.0,1856.0,52174716.0,18139.0
2022,안양시,60대,여,456463,8672687290.0,2961.0,87274628.0,19000.0
2022,안양시,70대,남,72567,1401160495.0,456.0,11930064.0,19309.0
2022,안양시,70대,여,94840,1836792403.0,560.0,17485991.0,19367.0
2022,안양시,80대 이상,남,11271,223914699.0,75.0,5377769.0,19866.0
2022,안양시,80대 이상,여,14494,287131985.0,93.0,2654063.0,19810.0
2022,안양시,기타,-,225639,4003446448.0,1420.0,37178990.0,17743.0
2022,양주시,10대,남,34429,526869683.0,148.0,4278675.0,15303.0
2022,양주시,10대,여,35676,637181505.0,261.0,5861944.0,17860.0
2022,양주시,20대,남,162824,2972528381.0,1379.0,64887541.0,18256.0
2022,양주시,20대,여,162982,3260352710.0,1554.0,49968917.0,20004.0
2022,양주시,30대,남,235666,5940956606.0,2018.0,119794521.0,25209.0
2022,양주시,30대,여,311039,8788945384.0,2903.0,145093962.0,28257.0
2022,양주시,40대,남,470471,13796570372.0,3633.0,237639113.0,29325.0
2022,양주시,40대,여,669531,19750441126.0,5401.0,247250675.0,29499.0
2022,양주시,50대,남,289818,6990756046.0,2065.0,116186787.0,24121.0
2022,양주시,50대,여,257001,6253309485.0,1910.0,76276658.0,24332.0
2022,양주시,60대,남,111793,2601149087.0,933.0,58652768.0,23268.0
2022,양주시,60대,여,97908,2304197112.0,754.0,29587618.0,23534.0
2022,양주시,70대,남,23478,558361172.0,229.0,13601161.0,23782.0
2022,양주시,70대,여,25134,552185250.0,175.0,6892223.0,21970.0
2022,양주시,80대 이상,남,5878,122648865.0,39.0,2192325.0,20866.0
2022,양주시,80대 이상,여,5146,125619296.0,32.0,2057435.0,24411.0
2022,양주시,기타,-,217780,6190266362.0,1687.0,77128233.0,28424.0
2022,양평군,10대,남,37703,773072238.0,263.0,14018209.0,20504.0
2022,양평군,10대,여,28319,633327185.0,201.0,6388376.0,22364.0
2022,양평군,20대,남,128141,2739173419.0,1283.0,51590418.0,21376.0
2022,양평군,20대,여,117809,2718454166.0,1430.0,54424943.0,23075.0
2022,양평군,30대,남,177629,4357110683.0,1812.0,101682533.0,24529.0
2022,양평군,30대,여,208611,5105961339.0,2285.0,95285056.0,24476.0
2022,양평군,40대,남,342047,8387852258.0,2886.0,157853868.0,24523.0
2022,양평군,40대,여,464506,10796226395.0,4094.0,149592819.0,23242.0
2022,양평군,50대,남,339699,8546293543.0,2741.0,157601291.0,25158.0
2022,양평군,50대,여,371003,9496610658.0,3424.0,146646112.0,25597.0
2022,양평군,60대,남,297511,8427405135.0,2984.0,186714987.0,28326.0
2022,양평군,60대,여,278288,7856466502.0,2850.0,137992874.0,28231.0
2022,양평군,70대,남,108067,3070348588.0,1101.0,56835252.0,28412.0
2022,양평군,70대,여,84406,2244096017.0,873.0,34729824.0,26587.0
2022,양평군,80대 이상,남,15806,461926736.0,132.0,6134618.0,29225.0
2022,양평군,80대 이상,여,11209,327927738.0,96.0,5258094.0,29256.0
2022,양평군,기타,-,270757,8577559166.0,2184.0,111886533.0,31680.0
2022,여주시,10대,남,12083,200738088.0,54.0,2130025.0,16613.0
2022,여주시,10대,여,13192,266423663.0,121.0,2750300.0,20196.0
2022,여주시,20대,남,96820,2178406562.0,832.0,28515240.0,22500.0
2022,여주시,20대,여,89702,2074722509.0,858.0,26184979.0,23129.0
2022,여주시,30대,남,148408,3601138282.0,1140.0,50011204.0,24265.0
2022,여주시,30대,여,187779,5030980790.0,1731.0,74959332.0,26792.0
2022,여주시,40대,남,286783,8191314172.0,1859.0,83819029.0,28563.0
2022,여주시,40대,여,374165,10727654582.0,2902.0,113602085.0,28671.0
2022,여주시,50대,남,255007,6777178692.0,1497.0,65112374.0,26576.0
2022,여주시,50대,여,230426,6732575883.0,1802.0,83137385.0,29218.0
2022,여주시,60대,남,132075,3811984479.0,879.0,46168626.0,28862.0
2022,여주시,60대,여,121901,3726626498.0,987.0,47483866.0,30571.0
2022,여주시,70대,남,44319,1261898049.0,270.0,14912092.0,28473.0
2022,여주시,70대,여,31585,942842603.0,256.0,9826475.0,29851.0
2022,여주시,80대 이상,남,6993,197653694.0,54.0,1647698.0,28265.0
2022,여주시,80대 이상,여,4388,125031733.0,40.0,1576974.0,28494.0
2022,여주시,기타,-,285751,9229501035.0,2022.0,88624189.0,32299.0
2022,연천군,10대,남,4439,63138463.0,36.0,1298450.0,14224.0
2022,연천군,10대,여,4804,97896729.0,66.0,2606950.0,20378.0
2022,연천군,20대,남,70260,1544910890.0,1143.0,47922574.0,21988.0
2022,연천군,20대,여,40941,895737572.0,691.0,21742769.0,21879.0
2022,연천군,30대,남,81605,1894061884.0,976.0,36811808.0,23210.0
2022,연천군,30대,여,64929,1666975305.0,983.0,32897008.0,25674.0
2022,연천군,40대,남,96557,2573280969.0,791.0,35640865.0,26650.0
2022,연천군,40대,여,102434,2850098108.0,1151.0,42111072.0,27824.0
2022,연천군,50대,남,85402,2169769067.0,558.0,26407077.0,25407.0
2022,연천군,50대,여,67230,1740611223.0,642.0,23024237.0,25890.0
2022,연천군,60대,남,46824,1277948755.0,357.0,16189718.0,27293.0
2022,연천군,60대,여,38413,1099465647.0,316.0,12517734.0,28622.0
2022,연천군,70대,남,9754,263554688.0,53.0,3074530.0,27020.0
2022,연천군,70대,여,9786,258078948.0,98.0,4267390.0,26372.0
2022,연천군,80대 이상,남,1982,53755013.0,22.0,812002.0,27122.0
2022,연천군,80대 이상,여,1648,50405887.0,20.0,1341110.0,30586.0
2022,연천군,기타,-,199413,6428800480.0,2160.0,112657925.0,32239.0
2022,오산시,10대,남,45552,1003701041.0,292.0,16154321.0,22034.0
2022,오산시,10대,여,48830,1088148393.0,361.0,17769717.0,22284.0
2022,오산시,20대,남,229809,4213594506.0,2422.0,133372238.0,18335.0
2022,오산시,20대,여,232533,4596328937.0,2611.0,112114734.0,19766.0
2022,오산시,30대,남,410714,9204747012.0,5298.0,358446659.0,22412.0
2022,오산시,30대,여,495225,11416480617.0,5118.0,259201315.0,23053.0
2022,오산시,40대,남,706702,18343570614.0,6964.0,432129365.0,25957.0
2022,오산시,40대,여,887295,20491889815.0,7822.0,363216297.0,23095.0
2022,오산시,50대,남,402361,8825853453.0,3736.0,228749978.0,21935.0
2022,오산시,50대,여,423299,8811169130.0,3855.0,167603783.0,20815.0
2022,오산시,60대,남,162610,3472595344.0,1717.0,106455669.0,21355.0
2022,오산시,60대,여,201943,4273311188.0,2033.0,98360694.0,21161.0
2022,오산시,70대,남,48219,1003043818.0,546.0,35322011.0,20802.0
2022,오산시,70대,여,59882,1220563311.0,535.0,22109559.0,20383.0
2022,오산시,80대 이상,남,10214,190006612.0,78.0,3517748.0,18603.0
2022,오산시,80대 이상,여,9161,198983166.0,83.0,4922197.0,21721.0
2022,오산시,기타,-,63169,1298619875.0,537.0,24167000.0,20558.0
2022,용인시,10대,남,197179,4406509470.0,1163.0,51223329.0,22348.0
2022,용인시,10대,여,191844,4584105101.0,1386.0,67320769.0,23895.0
2022,용인시,20대,남,851035,14255181040.0,7431.0,281382478.0,16750.0
2022,용인시,20대,여,902894,16780639572.0,9415.0,296421505.0,18585.0
2022,용인시,30대,남,1160423,28360362882.0,12893.0,745387583.0,24440.0
2022,용인시,30대,여,1665365,44115156017.0,16935.0,854667322.0,26490.0
2022,용인시,40대,남,2136299,66391057577.0,19448.0,1154124575.0,31078.0
2022,용인시,40대,여,3233894,89104662675.0,29276.0,1328113564.0,27553.0
2022,용인시,50대,남,1147118,26404483513.0,8696.0,462702642.0,23018.0
2022,용인시,50대,여,1128457,24585883750.0,9315.0,367760889.0,21787.0
2022,용인시,60대,남,387087,7883235208.0,3170.0,171603023.0,20366.0
2022,용인시,60대,여,370429,8719934408.0,3141.0,144799166.0,23540.0
2022,용인시,70대,남,125753,2669842111.0,973.0,48992650.0,21231.0
2022,용인시,70대,여,125595,2860250301.0,1014.0,43148446.0,22774.0
2022,용인시,80대 이상,남,26715,533486692.0,202.0,6884695.0,19970.0
2022,용인시,80대 이상,여,22346,482331396.0,183.0,10032445.0,21585.0
2022,용인시,기타,-,432957,10622789327.0,3417.0,122166725.0,24535.0
2022,의왕시,10대,남,24559,491410439.0,117.0,3368854.0,20009.0
2022,의왕시,10대,여,24912,442152089.0,147.0,4262403.0,17749.0
2022,의왕시,20대,남,175993,2773693248.0,1314.0,50867352.0,15760.0
2022,의왕시,20대,여,175921,3087225508.0,1407.0,50952388.0,17549.0
2022,의왕시,30대,남,225776,5119819298.0,2619.0,188708409.0,22677.0
2022,의왕시,30대,여,306910,7382602682.0,2528.0,128092277.0,24055.0
2022,의왕시,40대,남,318471,8574604891.0,2874.0,200566004.0,26924.0
2022,의왕시,40대,여,468236,11603601675.0,3499.0,166163421.0,24782.0
2022,의왕시,50대,남,217431,4756364730.0,1843.0,119142090.0,21875.0
2022,의왕시,50대,여,332484,6621352365.0,2616.0,105293077.0,19915.0
2022,의왕시,60대,남,131178,2632042590.0,1274.0,80116648.0,20065.0
2022,의왕시,60대,여,181921,3556525876.0,1602.0,59702031.0,19550.0
2022,의왕시,70대,남,28726,551076019.0,251.0,11457115.0,19184.0
2022,의왕시,70대,여,36899,694399004.0,301.0,10492076.0,18819.0
2022,의왕시,80대 이상,남,5426,85953759.0,34.0,1431319.0,15841.0
2022,의왕시,80대 이상,여,6221,113753484.0,71.0,2733370.0,18285.0
2022,의왕시,기타,-,67155,1335183874.0,505.0,19996554.0,19882.0
2022,의정부시,10대,남,56664,1197090075.0,297.0,9855537.0,21126.0
2022,의정부시,10대,여,63986,1395707325.0,465.0,15340235.0,21813.0
2022,의정부시,20대,남,398150,6313709800.0,2491.0,61168265.0,15858.0
2022,의정부시,20대,여,424129,7864429812.0,3665.0,98810085.0,18543.0
2022,의정부시,30대,남,397304,8697909167.0,3031.0,115617967.0,21892.0
2022,의정부시,30대,여,554902,14004311058.0,4660.0,173345550.0,25237.0
2022,의정부시,40대,남,692525,19161344212.0,4284.0,174797846.0,27669.0
2022,의정부시,40대,여,1033621,27964337135.0,7665.0,293163087.0,27055.0
2022,의정부시,50대,남,545323,10804142751.0,2849.0,88834185.0,19812.0
2022,의정부시,50대,여,628077,12294945615.0,4091.0,113695077.0,19576.0
2022,의정부시,60대,남,257000,4399076863.0,1372.0,39370903.0,17117.0
2022,의정부시,60대,여,303102,5571404861.0,1883.0,52450014.0,18381.0
2022,의정부시,70대,남,74567,1285234290.0,441.0,12892652.0,17236.0
2022,의정부시,70대,여,88738,1566662317.0,545.0,12584142.0,17655.0
2022,의정부시,80대 이상,남,12327,235434994.0,78.0,1635656.0,19099.0
2022,의정부시,80대 이상,여,13653,256301885.0,83.0,3164891.0,18773.0
2022,의정부시,기타,-,371787,7268684831.0,2302.0,63797685.0,19551.0
2022,이천시,10대,남,32159,563567651.0,191.0,9860025.0,17524.0
2022,이천시,10대,여,35244,864419360.0,251.0,11817285.0,24527.0
2022,이천시,20대,남,270522,6163231852.0,2799.0,171684277.0,22783.0
2022,이천시,20대,여,241264,6019521873.0,2495.0,121848622.0,24950.0
2022,이천시,30대,남,468908,12964528907.0,5236.0,375833098.0,27648.0
2022,이천시,30대,여,494196,15775994729.0,4725.0,292934157.0,31923.0
2022,이천시,40대,남,702221,23418255679.0,5987.0,452046310.0,33349.0
2022,이천시,40대,여,783498,26878527475.0,6610.0,384153408.0,34306.0
2022,이천시,50대,남,476945,12966322682.0,4038.0,287704636.0,27186.0
2022,이천시,50대,여,404734,11148353906.0,3395.0,179371150.0,27545.0
2022,이천시,60대,남,200023,5315493913.0,1794.0,119547570.0,26574.0
2022,이천시,60대,여,165862,4642759935.0,1509.0,82510519.0,27992.0
2022,이천시,70대,남,36697,1052700171.0,417.0,31411002.0,28686.0
2022,이천시,70대,여,32286,920524197.0,283.0,15933893.0,28512.0
2022,이천시,80대 이상,남,5958,161805991.0,55.0,2816460.0,27158.0
2022,이천시,80대 이상,여,4252,128439388.0,33.0,1623384.0,30207.0
2022,이천시,기타,-,338519,11261164376.0,2940.0,255913291.0,33266.0
2022,파주시,10대,남,70175,1555461153.0,316.0,13112805.0,22165.0
2022,파주시,10대,여,74311,1787987317.0,464.0,24030525.0,24061.0
2022,파주시,20대,남,379248,6760277622.0,2561.0,79109209.0,17825.0
2022,파주시,20대,여,383029,8053881165.0,3407.0,112206465.0,21027.0
2022,파주시,30대,남,670120,17642919624.0,5337.0,292874575.0,26328.0
2022,파주시,30대,여,825430,23874204960.0,7265.0,374255842.0,28923.0
2022,파주시,40대,남,1010162,30958249014.0,7081.0,392589104.0,30647.0
2022,파주시,40대,여,1289456,37542670462.0,10309.0,452804005.0,29115.0
2022,파주시,50대,남,585467,13284733868.0,3240.0,136378188.0,22691.0
2022,파주시,50대,여,516638,11766881062.0,3841.0,133373464.0,22776.0
2022,파주시,60대,남,205766,4431939994.0,1279.0,47441405.0,21539.0
2022,파주시,60대,여,165150,3957399466.0,1211.0,42144942.0,23962.0
2022,파주시,70대,남,42039,948945831.0,276.0,10160387.0,22573.0
2022,파주시,70대,여,38324,926049269.0,285.0,9589817.0,24164.0
2022,파주시,80대 이상,남,9273,182790567.0,72.0,1539880.0,19712.0
2022,파주시,80대 이상,여,10317,217636125.0,57.0,1187600.0,21095.0
2022,파주시,기타,-,193425,5620156997.0,1473.0,57608877.0,29056.0
2022,평택시,10대,남,75098,1596892931.0,411.0,16539760.0,21264.0
2022,평택시,10대,여,69859,1600583756.0,569.0,17978709.0,22912.0
2022,평택시,20대,남,485425,8963351127.0,4175.0,167293019.0,18465.0
2022,평택시,20대,여,465375,9537656472.0,4530.0,140204790.0,20495.0
2022,평택시,30대,남,761700,17327469483.0,7049.0,324468991.0,22748.0
2022,평택시,30대,여,853524,21788396200.0,8424.0,349193559.0,25528.0
2022,평택시,40대,남,1022825,28563766568.0,7476.0,365667985.0,27926.0
2022,평택시,40대,여,1170394,31502776344.0,10087.0,393332424.0,26916.0
2022,평택시,50대,남,621485,13724042724.0,3752.0,155430039.0,22083.0
2022,평택시,50대,여,565914,12710107612.0,4203.0,150595975.0,22459.0
2022,평택시,60대,남,221619,5001833452.0,1531.0,76646069.0,22570.0
2022,평택시,60대,여,228460,5546995288.0,1677.0,69620506.0,24280.0
2022,평택시,70대,남,51631,1217623436.0,352.0,15580090.0,23583.0
2022,평택시,70대,여,52003,1301387790.0,373.0,13375912.0,25025.0
2022,평택시,80대 이상,남,6103,146012952.0,45.0,1479407.0,23925.0
2022,평택시,80대 이상,여,9163,251366112.0,81.0,2385915.0,27433.0
2022,평택시,기타,-,280003,7790299738.0,1963.0,70106766.0,27822.0
2022,포천시,10대,남,9531,138536981.0,86.0,4833578.0,14535.0
2022,포천시,10대,여,11024,180236770.0,89.0,2259405.0,16349.0
2022,포천시,20대,남,131098,2622106878.0,1308.0,63461827.0,20001.0
2022,포천시,20대,여,96358,2135227319.0,1136.0,44652125.0,22159.0
2022,포천시,30대,남,151641,3726718138.0,1715.0,101779119.0,24576.0
2022,포천시,30대,여,129778,3580468919.0,1574.0,69292357.0,27589.0
2022,포천시,40대,남,205609,5522803215.0,1771.0,97777331.0,26861.0
2022,포천시,40대,여,235504,6429819719.0,2157.0,85496113.0,27302.0
2022,포천시,50대,남,209055,5175371739.0,1562.0,86940615.0,24756.0
2022,포천시,50대,여,162992,4202014622.0,1444.0,70701277.0,25780.0
2022,포천시,60대,남,99194,2525674225.0,849.0,56195207.0,25462.0
2022,포천시,60대,여,67343,1882317136.0,632.0,35301071.0,27951.0
2022,포천시,70대,남,15330,412897712.0,166.0,11592541.0,26934.0
2022,포천시,70대,여,10952,300515875.0,113.0,5321847.0,27439.0
2022,포천시,80대 이상,남,2421,78548894.0,20.0,1364230.0,32445.0
2022,포천시,80대 이상,여,2345,65908638.0,14.0,500160.0,28106.0
2022,포천시,기타,-,301750,8792968732.0,2386.0,97834671.0,29140.0
2022,하남시,10대,남,93275,2545432195.0,794.0,57631271.0,27290.0
2022,하남시,10대,여,96207,2816882089.0,817.0,52773318.0,29279.0
2022,하남시,20대,남,388143,7185678201.0,4001.0,225286099.0,18513.0
2022,하남시,20대,여,454742,9333130230.0,4532.0,221007910.0,20524.0
2022,하남시,30대,남,886104,22948054775.0,13356.0,1181139384.0,25898.0
2022,하남시,30대,여,1247041,32332299120.0,14359.0,996980087.0,25927.0
2022,하남시,40대,남,1348698,41427174097.0,17355.0,1488864774.0,30716.0
2022,하남시,40대,여,1780540,48937948260.0,19858.0,1258478499.0,27485.0
2022,하남시,50대,남,644071,16746648265.0,8853.0,733466925.0,26001.0
2022,하남시,50대,여,775271,18476253378.0,9339.0,566954305.0,23832.0
2022,하남시,60대,남,418736,10133460701.0,6767.0,555441747.0,24200.0
2022,하남시,60대,여,562190,13326991125.0,7467.0,445283168.0,23705.0
2022,하남시,70대,남,158916,3723407049.0,2109.0,145489009.0,23430.0
2022,하남시,70대,여,174583,3838445890.0,2204.0,103519576.0,21986.0
2022,하남시,80대 이상,남,24229,519573556.0,258.0,13419224.0,21444.0
2022,하남시,80대 이상,여,28248,618676084.0,325.0,16276213.0,21902.0
2022,하남시,기타,-,113551,2415378278.0,1166.0,52887668.0,21271.0
2022,화성시,10대,남,190354,5818657663.0,1083.0,72108264.0,30568.0
2022,화성시,10대,여,184634,6217839469.0,1294.0,91611464.0,33677.0
2022,화성시,20대,남,846655,15033959458.0,6628.0,283757018.0,17757.0
2022,화성시,20대,여,806721,16364293680.0,7298.0,265757964.0,20285.0
2022,화성시,30대,남,1850348,45424204681.0,15569.0,914155065.0,24549.0
2022,화성시,30대,여,2349937,62622849325.0,19703.0,1000070196.0,26649.0
2022,화성시,40대,남,2880040,92228744502.0,20244.0,1281509682.0,32023.0
2022,화성시,40대,여,3434134,100000000000.0,26373.0,1372962396.0,29238.0
2022,화성시,50대,남,1218332,29144145498.0,8176.0,439844074.0,23921.0
2022,화성시,50대,여,1004718,22455698208.0,7940.0,301906503.0,22350.0
2022,화성시,60대,남,374633,7733099425.0,2865.0,141309526.0,20642.0
2022,화성시,60대,여,342850,8181872483.0,3225.0,134387740.0,23864.0
2022,화성시,70대,남,81970,1890619033.0,680.0,37519640.0,23065.0
2022,화성시,70대,여,76979,1898201746.0,741.0,25674342.0,24659.0
2022,화성시,80대 이상,남,12699,271757178.0,121.0,4768879.0,21400.0
2022,화성시,80대 이상,여,11250,271062155.0,99.0,4658417.0,24094.0
2022,화성시,기타,-,16027,462638960.0,253.0,15111369.0,28866.0
2021,과천시,10대,남,27796,658285251.0,191.0,9227596.0,23683.0
2021,과천시,10대,여,25118,575219541.0,187.0,7065360.0,22901.0
2021,과천시,20대,남,121184,1999126503.0,953.0,42148133.0,16497.0
2021,과천시,20대,여,115843,2157410384.0,1023.0,38344679.0,18624.0
2021,과천시,30대,남,137209,2797145532.0,1487.0,102382640.0,20386.0
2021,과천시,30대,여,195432,4260758776.0,1928.0,91731063.0,21802.0
2021,과천시,40대,남,213371,5484405434.0,1991.0,113204283.0,25704.0
2021,과천시,40대,여,318752,7807448665.0,2811.0,124135086.0,24494.0
2021,과천시,50대,남,163884,3672607003.0,1661.0,75866072.0,22410.0
2021,과천시,50대,여,234044,5070268245.0,2473.0,93578437.0,21664.0
2021,과천시,60대,남,86227,1655301834.0,857.0,39144266.0,19197.0
2021,과천시,60대,여,100652,2142234642.0,1369.0,53376643.0,21284.0
2021,과천시,70대,남,18981,369274296.0,193.0,7250784.0,19455.0
2021,과천시,70대,여,26301,554588235.0,339.0,1106214.0,21086.0
2021,과천시,80대 이상,남,5033,109870055.0,78.0,2814592.0,21830.0
2021,과천시,80대 이상,여,7148,136961499.0,75.0,1804249.0,19161.0
2021,과천시,기타,남,1005,23365283.0,16.0,828136.0,23249.0
2021,과천시,기타,여,161393,3749229390.0,1917.0,72067724.0,23230.0
2021,광명시,10대,남,87776,1466838268.0,417.0,17018774.0,16711.0
2021,광명시,10대,여,80636,1453192003.0,524.0,18150321.0,18022.0
2021,광명시,20대,남,376022,5636994428.0,2165.0,79196776.0,14991.0
2021,광명시,20대,여,371855,6500336934.0,2639.0,82633241.0,17481.0
2021,광명시,30대,남,384187,8824504695.0,3358.0,214303215.0,22969.0
2021,광명시,30대,여,616756,15109680695.0,4948.0,245030104.0,24499.0
2021,광명시,40대,남,778649,23097713328.0,5927.0,377675016.0,29664.0
2021,광명시,40대,여,1168411,32467097786.0,8655.0,451339993.0,27787.0
2021,광명시,50대,남,416411,9260819353.0,2692.0,134993480.0,22240.0
2021,광명시,50대,여,497970,9632761393.0,3588.0,123540275.0,19344.0
2021,광명시,60대,남,164158,2877758280.0,1115.0,42398506.0,17530.0
2021,광명시,60대,여,242341,4284725848.0,1755.0,60247917.0,17681.0
2021,광명시,70대,남,45824,745217480.0,288.0,7732850.0,16263.0
2021,광명시,70대,여,55113,961319433.0,400.0,11578153.0,17443.0
2021,광명시,80대 이상,남,6317,115000178.0,46.0,911057.0,18205.0
2021,광명시,80대 이상,여,8869,174880736.0,83.0,3682310.0,19718.0
2021,광명시,기타,기타,5712,100941802.0,40.0,1168312.0,17672.0
2021,광명시,기타,기타,912203,16971927041.0,6819.0,183748194.0,18605.0
2021,광주시,10대,남,105835,1669945087.0,584.0,23003222.0,15779.0
2021,광주시,10대,여,104301,1886092961.0,754.0,24227412.0,18083.0
2021,광주시,20대,남,606597,10976497732.0,5186.0,268638042.0,18095.0
2021,광주시,20대,여,567251,11307969777.0,5110.0,215861791.0,19935.0
2021,광주시,30대,남,929202,20295389912.0,9100.0,547186591.0,21842.0
2021,광주시,30대,여,1182549,26601934419.0,10698.0,505776900.0,22495.0
2021,광주시,40대,남,1443459,35175442499.0,13235.0,725728706.0,24369.0
2021,광주시,40대,여,1707811,40402016347.0,14637.0,625357859.0,23657.0
2021,광주시,50대,남,933387,21542284905.0,8639.0,503489240.0,23080.0
2021,광주시,50대,여,998715,23131674511.0,9459.0,421862424.0,23161.0
2021,광주시,60대,남,491087,11502782510.0,5576.0,328487012.0,23423.0
2021,광주시,60대,여,532762,12314403383.0,5643.0,249246435.0,23114.0
2021,광주시,70대,남,138036,3196611893.0,1674.0,99778765.0,23158.0
2021,광주시,70대,여,147923,3293450351.0,1550.0,58547356.0,22265.0
2021,광주시,80대 이상,남,22287,502147566.0,233.0,9994461.0,22531.0
2021,광주시,80대 이상,여,23086,528156296.0,220.0,8865180.0,22878.0
2021,광주시,기타,-,20651,413750601.0,135.0,5036444.0,20035.0
2021,광주시,기타,-,1310909,31665419871.0,11970.0,470522609.0,24155.0
2021,구리시,10대,남,40592,584399052.0,211.0,7834375.0,14397.0
2021,구리시,10대,여,38015,608970775.0,266.0,8952617.0,16019.0
2021,구리시,20대,남,288564,4136220781.0,1593.0,38752476.0,14334.0
2021,구리시,20대,여,264769,4839329287.0,2072.0,57664222.0,18278.0
2021,구리시,30대,남,249358,5485672139.0,1692.0,74105910.0,21999.0
2021,구리시,30대,여,400275,10046535732.0,3179.0,156859633.0,25099.0
2021,구리시,40대,남,474044,13710747295.0,3207.0,156355533.0,28923.0
2021,구리시,40대,여,762175,22759645728.0,6119.0,303703244.0,29861.0
2021,구리시,50대,남,298537,6863095637.0,1914.0,64967969.0,22989.0
2021,구리시,50대,여,357095,7724080224.0,2748.0,84755749.0,21630.0
2021,구리시,60대,남,126517,2313061196.0,963.0,24098720.0,18283.0
2021,구리시,60대,여,137790,2834457970.0,1233.0,34229884.0,20571.0
2021,구리시,70대,남,32963,597974327.0,241.0,8721008.0,18141.0
2021,구리시,70대,여,43746,898915545.0,471.0,14213324.0,20549.0
2021,구리시,80대 이상,남,7152,122428208.0,58.0,1095800.0,17118.0
2021,구리시,80대 이상,여,7635,153392134.0,55.0,1437212.0,20091.0
2021,구리시,기타,-,491908,10065025606.0,4113.0,109231683.0,38674.0
2021,김포시,10대,남,64685,2260201098.0,,,
2021,김포시,10대,여,83077,2857274198.0,,,
2021,김포시,20대,남,442989,8788841066.0,,,
2021,김포시,20대,여,552128,12260561988.0,,,
2021,김포시,30대,남,865624,24839979088.0,,,
2021,김포시,30대,여,1661505,48675430120.0,,,
2021,김포시,40대,남,1547371,57798822655.0,,,
2021,김포시,40대,여,2759899,91796518383.0,,,
2021,김포시,50대,남,730793,22447057222.0,,,
2021,김포시,50대,여,1008919,27714174329.0,,,
2021,김포시,60대,남,264990,6722714044.0,,,
2021,김포시,60대,여,346867,9927730713.0,,,
2021,김포시,70대,남,58773,1632365516.0,,,
2021,김포시,70대,여,64290,1986045884.0,,,
2021,김포시,80대 이상,남,7107,212136579.0,,,
2021,김포시,80대 이상,여,7564,250394001.0,,,
2021,김포시,80대 이상,남,132,2019260.0,,,
2021,김포시,80대 이상,여,686,14782350.0,,,
2021,김포시,기타,미분류,28300,840932720.0,,,
2021,동두천시,10대,남,8182,157977624.0,62.0,1846539.0,19308.0
2021,동두천시,10대,여,10780,176042301.0,89.0,1697155.0,16330.0
2021,동두천시,20대,남,99702,1819379133.0,773.0,34627717.0,18248.0
2021,동두천시,20대,여,96390,1930782809.0,738.0,25655314.0,20031.0
2021,동두천시,30대,남,104535,2188728630.0,901.0,48696616.0,20938.0
2021,동두천시,30대,여,137758,3145015322.0,1229.0,51171031.0,22830.0
2021,동두천시,40대,남,173054,4104982344.0,1196.0,57180189.0,23721.0
2021,동두천시,40대,여,201907,4856498266.0,1668.0,57111928.0,24053.0
2021,동두천시,50대,남,150952,3136122105.0,1111.0,50964217.0,20776.0
2021,동두천시,50대,여,130185,2840004436.0,959.0,35557486.0,21815.0
2021,동두천시,60대,남,68235,1394673176.0,525.0,27106198.0,20439.0
2021,동두천시,60대,여,58556,1326306145.0,493.0,18814219.0,22650.0
2021,동두천시,70대,남,21462,439427504.0,195.0,10054895.0,20475.0
2021,동두천시,70대,여,21384,461018375.0,172.0,4454286.0,21559.0
2021,동두천시,80대 이상,남,2977,59876088.0,19.0,531455.0,20113.0
2021,동두천시,80대 이상,여,5473,120837583.0,56.0,1688050.0,22079.0
2021,동두천시,기타,-,2195,47333543.0,9.0,181750.0,21564.0
2021,동두천시,기타,-,271558,6032641834.0,2180.0,65243436.0,22215.0
2021,부천시,10대,남,180730,2864841040.0,,,
2021,부천시,10대,여,184550,3181212626.0,,,
2021,부천시,20대,남,1455593,19557849993.0,,,
2021,부천시,20대,여,1446356,22246880179.0,,,
2021,부천시,30대,남,1448879,25198151593.0,,,
2021,부천시,30대,여,1813582,34373321794.0,,,
2021,부천시,40대,남,1962854,42892680597.0,,,
2021,부천시,40대,여,2737440,57879707842.0,,,
2021,부천시,50대,남,1408377,24336441294.0,,,
2021,부천시,50대,여,2034938,32837773618.0,,,
2021,부천시,60대,남,730444,11366922477.0,,,
2021,부천시,60대,여,1057327,16659437991.0,,,
2021,부천시,70대,남,170212,2687957665.0,,,
2021,부천시,70대,여,230123,3700428164.0,,,
2021,부천시,80대 이상,남,21781,372462813.0,,,
2021,부천시,80대 이상,여,38939,663822598.0,,,
2021,성남시,10대,남,55987,2573009776.0,272.0,20019461.0,45957.0
2021,성남시,10대,여,66518,2692698418.0,270.0,20864602.0,40481.0
2021,성남시,20대,남,240205,5982047265.0,1351.0,50312060.0,24904.0
2021,성남시,20대,여,400748,10370574723.0,1791.0,91585174.0,25878.0
2021,성남시,30대,남,443965,17881075843.0,1688.0,178372433.0,40276.0
2021,성남시,30대,여,898805,37496593639.0,3594.0,381863432.0,41718.0
2021,성남시,40대,남,685996,33181446012.0,2236.0,242865976.0,48370.0
2021,성남시,40대,여,1837878,79768076666.0,6466.0,548446679.0,43402.0
2021,성남시,50대,남,369504,14673071562.0,1133.0,98986463.0,39710.0
2021,성남시,50대,여,813611,24881410974.0,2670.0,147679044.0,30581.0
2021,성남시,60대,남,117022,3752283564.0,274.0,24138809.0,32065.0
2021,성남시,60대,여,226376,7201090025.0,705.0,59805208.0,31810.0
2021,성남시,70대,남,24398,1137853821.0,111.0,9514612.0,46637.0
2021,성남시,70대,여,32980,1574197979.0,168.0,12795064.0,47732.0
2021,성남시,80대 이상,남,3236,234092315.0,12.0,1136370.0,72340.0
2021,성남시,80대 이상,여,5684,287787718.0,39.0,2898550.0,50631.0
2021,수원시,10대,남,237234,4126520793.0,1220.0,47133971.0,17394.0
2021,수원시,10대,여,246666,4555678777.0,1774.0,68928051.0,18469.0
2021,수원시,20대,남,2109942,30971393247.0,15461.0,566782521.0,14679.0
2021,수원시,20대,여,1903638,32582136492.0,16917.0,514093126.0,17116.0
2021,수원시,30대,남,1982403,39383381686.0,18498.0,972654817.0,19866.0
2021,수원시,30대,여,2269573,50517744677.0,20141.0,889895109.0,22259.0
2021,수원시,40대,남,2711730,66258918615.0,20465.0,1045895038.0,24434.0
2021,수원시,40대,여,3408295,79637151899.0,26244.0,1021183767.0,23366.0
2021,수원시,50대,남,1759102,33299007795.0,12114.0,520312439.0,18930.0
2021,수원시,50대,여,1820199,33152377944.0,13468.0,424750073.0,18214.0
2021,수원시,60대,남,626166,11053403822.0,4776.0,198224180.0,17653.0
2021,수원시,60대,여,671294,12215466532.0,5426.0,169956480.0,18197.0
2021,수원시,70대,남,140425,2514578195.0,1148.0,43156888.0,17907.0
2021,수원시,70대,여,171626,3173764452.0,1461.0,37587647.0,18492.0
2021,수원시,80대 이상,남,24079,431251139.0,193.0,3642753.0,17910.0
2021,수원시,80대 이상,여,33595,651111192.0,327.0,8829772.0,19381.0
2021,수원시,기타,-,1376196,25034069286.0,10993.0,278050538.0,18191.0
2021,수원시,기타,-,19194,339816070.0,147.0,4987796.0,17704.0
2021,시흥시,10대,남,112207,4731857675.0,298.0,25903547.0,42171.0
2021,시흥시,10대,여,131567,5366792378.0,381.0,31308650.0,40791.0
2021,시흥시,10대 미만,남,5338,303753061.0,28.0,2852451.0,56904.0
2021,시흥시,10대 미만,여,5120,312423710.0,15.0,1808900.0,61020.0
2021,시흥시,20대,남,356319,8961857647.0,2086.0,74021573.0,25151.0
2021,시흥시,20대,여,503953,12818654759.0,2197.0,94306060.0,25436.0
2021,시흥시,30대,남,551580,16277104696.0,1701.0,105476118.0,29510.0
2021,시흥시,30대,여,1383313,39581319583.0,4304.0,266308045.0,28613.0
2021,시흥시,40대,남,867381,33768046434.0,2233.0,170165878.0,38931.0
2021,시흥시,40대,여,2035458,72388717248.0,5693.0,387367434.0,35564.0
2021,시흥시,50대,남,451576,15145230141.0,885.0,55790417.0,33539.0
2021,시흥시,50대,여,1047202,28959941208.0,2670.0,148010590.0,27655.0
2021,시흥시,60대,남,173850,4978831925.0,378.0,25018158.0,28639.0
2021,시흥시,60대,여,287001,7689027995.0,985.0,57477478.0,26791.0
2021,시흥시,70대,남,26655,818863007.0,91.0,5492714.0,30721.0
2021,시흥시,70대,여,30852,969599100.0,142.0,9933925.0,31427.0
2021,시흥시,80대 이상,남,4820,152247248.0,14.0,674520.0,31587.0
2021,시흥시,80대 이상,여,5058,183662755.0,12.0,1103524.0,36311.0
2021,안산시,10대,남,171995,3289531150.0,,,
2021,안산시,10대,여,190695,3820314187.0,,,
2021,안산시,20대,남,1435740,22460776147.0,,,
2021,안산시,20대,여,1360547,25046202564.0,,,
2021,안산시,30대,남,1302725,25433030723.0,,,
2021,안산시,30대,여,1535735,32836000858.0,,,
2021,안산시,40대,남,1880514,43506993865.0,,,
2021,안산시,40대,여,2548349,56473801808.0,,,
2021,안산시,50대,남,1668022,33636896705.0,,,
2021,안산시,50대,여,2113425,42991136087.0,,,
2021,안산시,60대,남,732123,14324615097.0,,,
2021,안산시,60대,여,819034,16706881732.0,,,
2021,안산시,70대,남,153119,2918872668.0,,,
2021,안산시,70대,여,193882,3749810122.0,,,
2021,안산시,80대 이상,남,27073,527622738.0,,,
2021,안산시,80대 이상,여,40410,792230323.0,,,
2021,안산시,기타,-,19668,337894949.0,,,
2021,안성시,10대,남,47350,680812433.0,279.0,7251577.0,14378.0
2021,안성시,10대,여,43640,748197918.0,323.0,8576751.0,17145.0
2021,안성시,20대,남,369476,6332956630.0,3165.0,146582820.0,17140.0
2021,안성시,20대,여,323436,6159945975.0,3220.0,113054552.0,19045.0
2021,안성시,30대,남,437258,9295376570.0,4424.0,251723475.0,21258.0
2021,안성시,30대,여,476431,10889238293.0,4665.0,195932610.0,22856.0
2021,안성시,40대,남,665083,16755654633.0,5511.0,311491315.0,25193.0
2021,안성시,40대,여,734164,18461326916.0,6728.0,281998854.0,25146.0
2021,안성시,50대,남,460384,10807368790.0,4224.0,235845024.0,23475.0
2021,안성시,50대,여,413150,9971020011.0,4094.0,162105266.0,24134.0
2021,안성시,60대,남,204736,5100969876.0,2172.0,133551921.0,24915.0
2021,안성시,60대,여,189152,4744498706.0,2002.0,84107918.0,25083.0
2021,안성시,70대,남,51149,1358669415.0,603.0,37631109.0,26563.0
2021,안성시,70대,여,45465,1174178293.0,461.0,17034895.0,25826.0
2021,안성시,80대 이상,남,7606,188193493.0,78.0,3048480.0,24743.0
2021,안성시,80대 이상,여,10076,263524822.0,151.0,6471508.0,26154.0
2021,안성시,기타,-,6498,126447630.0,53.0,1969400.0,19459.0
2021,안성시,기타,-,958493,24493363279.0,8727.0,323864477.0,25554.0
2021,안양시,10대,남,107041,2220876733.0,613.0,22140096.0,20748.0
2021,안양시,10대,여,113421,2450066759.0,802.0,27144468.0,21602.0
2021,안양시,20대,남,730540,11107977482.0,4280.0,111052389.0,15205.0
2021,안양시,20대,여,751431,13167907183.0,5965.0,161275269.0,17524.0
2021,안양시,30대,남,665349,13345851698.0,5014.0,191462446.0,20058.0
2021,안양시,30대,여,877036,19566148645.0,7540.0,285070084.0,22309.0
2021,안양시,40대,남,913488,22910288999.0,6218.0,247815185.0,25080.0
2021,안양시,40대,여,1354927,32132688632.0,10244.0,370609348.0,23715.0
2021,안양시,50대,남,606596,11988815948.0,3648.0,109895729.0,19764.0
2021,안양시,50대,여,792248,14297840639.0,5835.0,157581106.0,18047.0
2021,안양시,60대,남,264403,4535992360.0,1679.0,43763858.0,17156.0
2021,안양시,60대,여,336373,6020258179.0,2515.0,68470252.0,17898.0
2021,안양시,70대,남,55671,986020484.0,427.0,10086794.0,17712.0
2021,안양시,70대,여,71462,1326809407.0,607.0,14962016.0,18567.0
2021,안양시,80대 이상,남,8548,163459356.0,61.0,1305113.0,19123.0
2021,안양시,80대 이상,여,15021,268374517.0,130.0,2420957.0,17867.0
2021,안양시,기타,-,1948806,36922937986.0,14653.0,396014342.0,18946.0
2021,안양시,기타,-,13124,264169321.0,83.0,4443260.0,20129.0
2021,양주시,10대,남,47143,666646768.0,224.0,5357190.0,14141.0
2021,양주시,10대,여,44413,723171204.0,272.0,5663980.0,16283.0
2021,양주시,20대,남,227125,3980156565.0,1587.0,53403493.0,17524.0
2021,양주시,20대,여,226709,4413821996.0,2133.0,66758916.0,19469.0
2021,양주시,30대,남,265595,5783078713.0,2101.0,70688943.0,21774.0
2021,양주시,30대,여,343855,8243562625.0,3088.0,105904613.0,23974.0
2021,양주시,40대,남,466386,11653473805.0,3191.0,131973624.0,24987.0
2021,양주시,40대,여,595180,14933770016.0,4612.0,158912655.0,25091.0
2021,양주시,50대,남,276351,5882258303.0,1716.0,57103688.0,21285.0
2021,양주시,50대,여,241772,5335645006.0,1892.0,55508852.0,22069.0
2021,양주시,60대,남,96062,2059168513.0,660.0,25415017.0,21436.0
2021,양주시,60대,여,89988,2016986850.0,737.0,24093027.0,22414.0
2021,양주시,70대,남,24505,519697994.0,191.0,6698639.0,21208.0
2021,양주시,70대,여,24758,543142051.0,220.0,7302995.0,21938.0
2021,양주시,80대 이상,남,5078,93449681.0,28.0,418270.0,18403.0
2021,양주시,80대 이상,여,5171,117320550.0,54.0,3351340.0,22688.0
2021,양평군,10대,남,40460,696374796.0,236.0,6387995.0,17211.0
2021,양평군,10대,여,28738,584224526.0,211.0,7553754.0,20329.0
2021,양평군,20대,남,157571,3208202789.0,1507.0,57022070.0,20360.0
2021,양평군,20대,여,137608,3121947422.0,1471.0,46009959.0,22687.0
2021,양평군,30대,남,213236,4889627686.0,2120.0,91126427.0,22931.0
2021,양평군,30대,여,256950,5954649194.0,2780.0,98033382.0,23174.0
2021,양평군,40대,남,397004,9712107371.0,3272.0,157509827.0,24464.0
2021,양평군,40대,여,504886,11763338786.0,4463.0,149307158.0,23299.0
2021,양평군,50대,남,367507,9086621510.0,2887.0,138577865.0,24725.0
2021,양평군,50대,여,377849,9607825179.0,3536.0,147215083.0,25428.0
2021,양평군,60대,남,258023,6969706625.0,2411.0,126338310.0,27012.0
2021,양평군,60대,여,232997,6389985411.0,2599.0,115370884.0,27425.0
2021,양평군,70대,남,76882,2034863933.0,886.0,38524139.0,26467.0
2021,양평군,70대,여,60420,1583149876.0,668.0,29022302.0,26202.0
2021,양평군,80대 이상,남,9258,255219417.0,119.0,7772940.0,27567.0
2021,양평군,80대 이상,여,6952,202641312.0,61.0,1503500.0,29149.0
2021,여주시,10대,남,17219,256442799.0,,,
2021,여주시,10대,여,19336,346203654.0,,,
2021,여주시,20대,남,118666,2363729085.0,,,
2021,여주시,20대,여,112867,2385785658.0,,,
2021,여주시,30대,남,148369,3320834033.0,,,
2021,여주시,30대,여,188116,4572990945.0,,,
2021,여주시,40대,남,263565,6851176157.0,,,
2021,여주시,40대,여,330643,8568359892.0,,,
2021,여주시,50대,남,221448,5541975119.0,,,
2021,여주시,50대,여,189598,4941050741.0,,,
2021,여주시,60대,남,92585,2517690389.0,,,
2021,여주시,60대,여,82447,2296146090.0,,,
2021,여주시,70대,남,27519,731643128.0,,,
2021,여주시,70대,여,21189,586276200.0,,,
2021,여주시,80대 이상,남,3700,104604106.0,,,
2021,여주시,80대 이상,여,2946,86053243.0,,,
2021,연천군,10대,남,5666,63410544.0,35.0,681088.0,11191.0
2021,연천군,10대,여,5334,79231755.0,62.0,1308925.0,14854.0
2021,연천군,20대,남,64247,1258656595.0,866.0,23438881.0,19591.0
2021,연천군,20대,여,36785,724692089.0,505.0,12169273.0,19701.0
2021,연천군,30대,남,69520,1402037743.0,692.0,18765565.0,20167.0
2021,연천군,30대,여,57663,1290275544.0,820.0,20295556.0,22376.0
2021,연천군,40대,남,87303,2021199509.0,640.0,19693725.0,23152.0
2021,연천군,40대,여,79161,1872843551.0,759.0,19684178.0,23659.0
2021,연천군,50대,남,66128,1513295686.0,461.0,13374722.0,22884.0
2021,연천군,50대,여,46807,1071330551.0,433.0,10538082.0,22888.0
2021,연천군,60대,남,28251,705630867.0,201.0,5091494.0,24977.0
2021,연천군,60대,여,19311,502950342.0,193.0,4498801.0,26045.0
2021,연천군,70대,남,5074,107784306.0,33.0,771380.0,21242.0
2021,연천군,70대,여,5206,110580191.0,51.0,1711676.0,21241.0
2021,연천군,80대 이상,남,500,13582215.0,5.0,240800.0,27164.0
2021,연천군,80대 이상,여,562,11506780.0,11.0,128130.0,20475.0
2021,용인시,10대,남,221640,4059860019.0,1377.0,54692155.0,18317.0
2021,용인시,10대,여,226799,4373592828.0,1723.0,71620242.0,19284.0
2021,용인시,20대,남,1243589,19917556091.0,9953.0,435157770.0,16016.0
2021,용인시,20대,여,1236599,22378978866.0,11673.0,412929045.0,18097.0
2021,용인시,30대,남,1282992,30324303208.0,15057.0,938502899.0,23636.0
2021,용인시,30대,여,1812773,45788109805.0,19368.0,960567427.0,25259.0
2021,용인시,40대,남,2289325,65617899734.0,22325.0,1379501007.0,28663.0
2021,용인시,40대,여,3204760,84286220668.0,30178.0,1344414397.0,26300.0
2021,용인시,50대,남,1189941,26180345619.0,10631.0,598679586.0,22001.0
2021,용인시,50대,여,1119874,23530892825.0,10156.0,419393261.0,21012.0
2021,용인시,60대,남,381127,7773755205.0,4098.0,242046637.0,20397.0
2021,용인시,60대,여,367288,8127325296.0,3916.0,176643067.0,22128.0
2021,용인시,70대,남,127472,2615799237.0,1383.0,70395670.0,20521.0
2021,용인시,70대,여,138407,2953079398.0,1385.0,53856926.0,21336.0
2021,용인시,80대 이상,남,27932,539097863.0,252.0,9323055.0,19300.0
2021,용인시,80대 이상,여,30559,636394357.0,295.0,10139562.0,20825.0
2021,용인시,기타,-,14212,311543518.0,125.0,4850115.0,21921.0
2021,용인시,기타,-,2115928,48132096288.0,20841.0,795812400.0,22748.0
2021,의왕시,10대,남,29833,499552423.0,165.0,4781400.0,16745.0
2021,의왕시,10대,여,31617,481814342.0,249.0,5013641.0,15239.0
2021,의왕시,20대,남,222424,3495783257.0,1726.0,70286953.0,15717.0
2021,의왕시,20대,여,222547,3848170195.0,1841.0,67175345.0,17291.0
2021,의왕시,30대,남,196763,4155205852.0,1988.0,129825843.0,21118.0
2021,의왕시,30대,여,276734,6218013409.0,2410.0,112566949.0,22469.0
2021,의왕시,40대,남,279416,6829619013.0,2418.0,140717265.0,24442.0
2021,의왕시,40대,여,414225,9341539331.0,3254.0,126916113.0,22552.0
2021,의왕시,50대,남,194624,3991365176.0,1677.0,86246642.0,20508.0
2021,의왕시,50대,여,278017,5361400158.0,2459.0,84676309.0,19284.0
2021,의왕시,60대,남,105873,2074282931.0,1112.0,63025804.0,19592.0
2021,의왕시,60대,여,131398,2540382647.0,1399.0,49878308.0,19333.0
2021,의왕시,70대,남,24151,451517800.0,267.0,10595303.0,18696.0
2021,의왕시,70대,여,34042,619275802.0,348.0,9282273.0,18192.0
2021,의왕시,80대 이상,남,5225,89148370.0,39.0,1466170.0,17062.0
2021,의왕시,80대 이상,여,7084,126589806.0,49.0,1101530.0,17870.0
2021,의왕시,기타,-,2341,47938455.0,21.0,537150.0,20478.0
2021,의왕시,기타,-,405571,8259343000.0,3643.0,119482020.0,20365.0
2021,의정부시,10대,남,73079,1187984715.0,366.0,11357549.0,16256.0
2021,의정부시,10대,여,82515,1448983356.0,545.0,16360817.0,17560.0
2021,의정부시,20대,남,571093,8797890390.0,3493.0,116200600.0,15405.0
2021,의정부시,20대,여,571238,10190065977.0,4314.0,128039410.0,17839.0
2021,의정부시,30대,남,454028,9202061301.0,3529.0,173418512.0,20268.0
2021,의정부시,30대,여,631353,14108142751.0,5247.0,194711010.0,22346.0
2021,의정부시,40대,남,770698,18100088578.0,5248.0,226612603.0,23485.0
2021,의정부시,40대,여,1032794,23953878322.0,7789.0,277952437.0,23193.0
2021,의정부시,50대,남,573999,10820767501.0,3614.0,130752723.0,18852.0
2021,의정부시,50대,여,654225,12196929734.0,4748.0,146848438.0,18643.0
2021,의정부시,60대,남,245318,4234100526.0,1594.0,54866622.0,17260.0
2021,의정부시,60대,여,284139,5086200499.0,2210.0,67923367.0,17900.0
2021,의정부시,70대,남,70326,1192921645.0,455.0,11335146.0,16963.0
2021,의정부시,70대,여,87075,1536647985.0,620.0,17548858.0,17647.0
2021,의정부시,80대 이상,남,13640,248106888.0,110.0,3627400.0,18190.0
2021,의정부시,80대 이상,여,18414,339029122.0,154.0,3333242.0,18411.0
2021,의정부시,기타,-,6017,111060631.0,38.0,2243660.0,18458.0
2021,의정부시,기타,-,1471524,28987110244.0,11718.0,347207251.0,19699.0
2021,이천시,10대,남,44730,668648865.0,,,
2021,이천시,10대,여,40798,809061909.0,,,
2021,이천시,20대,남,351492,7063027739.0,,,
2021,이천시,20대,여,307510,7113779993.0,,,
2021,이천시,30대,남,432786,11036308769.0,,,
2021,이천시,30대,여,473435,13419298135.0,,,
2021,이천시,40대,남,569832,16940601713.0,,,
2021,이천시,40대,여,662014,20133558209.0,,,
2021,이천시,50대,남,365508,9100433229.0,,,
2021,이천시,50대,여,314476,8011602076.0,,,
2021,이천시,60대,남,125754,2999784492.0,,,
2021,이천시,60대,여,108079,2784813526.0,,,
2021,이천시,70대,남,20485,524089261.0,,,
2021,이천시,70대,여,19215,500122076.0,,,
2021,이천시,80대 이상,남,3002,74525720.0,,,
2021,이천시,80대 이상,여,4496,115472197.0,,,
2021,파주시,10대,남,93595,1566461606.0,536.0,16675604.0,16737.0
2021,파주시,10대,여,93278,1788099373.0,708.0,21755663.0,19170.0
2021,파주시,10대 미만,남,0,0.0,,,
2021,파주시,10대 미만,여,0,0.0,,,
2021,파주시,20대,남,546420,9389703199.0,4456.0,167076392.0,17184.0
2021,파주시,20대,여,541277,10707873770.0,5208.0,164377265.0,19783.0
2021,파주시,30대,남,750561,18426460029.0,7146.0,359541403.0,24550.0
2021,파주시,30대,여,961969,24641144709.0,9806.0,417914711.0,25615.0
2021,파주시,40대,남,1101457,29289841004.0,9150.0,444555457.0,26592.0
2021,파주시,40대,여,1362541,35239075312.0,12187.0,496621165.0,25863.0
2021,파주시,50대,남,615575,13003767268.0,4312.0,162142833.0,21125.0
2021,파주시,50대,여,541146,11417254511.0,4506.0,144841818.0,21098.0
2021,파주시,60대,남,198840,4023285333.0,1599.0,61419546.0,20234.0
2021,파주시,60대,여,169688,3763812860.0,1574.0,53723760.0,22181.0
2021,파주시,70대,남,44404,914736311.0,353.0,11872194.0,20600.0
2021,파주시,70대,여,52517,1113718510.0,482.0,12924803.0,21207.0
2021,파주시,80대 이상,남,11464,220532355.0,86.0,2976191.0,19237.0
2021,파주시,80대 이상,여,15222,311283328.0,151.0,5206948.0,20450.0
2021,평택시,10대,남,97601,1639084452.0,,,
2021,평택시,10대,여,87440,1618024635.0,,,
2021,평택시,20대,남,643836,11585293718.0,,,
2021,평택시,20대,여,613548,12578386780.0,,,
2021,평택시,30대,남,862456,18969669327.0,,,
2021,평택시,30대,여,1015017,23332670961.0,,,
2021,평택시,40대,남,1187292,29976510249.0,,,
2021,평택시,40대,여,1336334,32416948203.0,,,
2021,평택시,50대,남,698173,15452816000.0,,,
2021,평택시,50대,여,665418,14769006288.0,,,
2021,평택시,60대,남,225713,5112882090.0,,,
2021,평택시,60대,여,239190,5508867345.0,,,
2021,평택시,70대,남,50749,1141875354.0,,,
2021,평택시,70대,여,56003,1280251491.0,,,
2021,평택시,80대 이상,남,5820,130643807.0,,,
2021,평택시,80대 이상,여,11726,271624812.0,,,
2021,포천시,10대,남,18717,297892953.0,130.0,4573618.0,15916.0
2021,포천시,10대,여,17669,319953155.0,140.0,3483595.0,18108.0
2021,포천시,20대,남,230886,4715086130.0,1974.0,103802685.0,20422.0
2021,포천시,20대,여,161700,3716167475.0,1734.0,72719406.0,22982.0
2021,포천시,30대,남,209534,4974418879.0,1930.0,112104040.0,23740.0
2021,포천시,30대,여,191951,4987036836.0,2013.0,86575276.0,25981.0
2021,포천시,40대,남,264192,6917637578.0,2160.0,105897746.0,26184.0
2021,포천시,40대,여,300238,7932121857.0,2713.0,107228474.0,26419.0
2021,포천시,50대,남,239784,5926056255.0,2007.0,105049387.0,24714.0
2021,포천시,50대,여,207553,5420765113.0,1874.0,93274719.0,26117.0
2021,포천시,60대,남,102332,2697536258.0,992.0,55332518.0,26361.0
2021,포천시,60대,여,81540,2280053245.0,861.0,41908298.0,27962.0
2021,포천시,70대,남,20319,576171705.0,213.0,11880786.0,28356.0
2021,포천시,70대,여,18292,516186866.0,177.0,8015967.0,28219.0
2021,포천시,80대 이상,남,3559,103899251.0,35.0,1431455.0,29193.0
2021,포천시,80대 이상,여,6012,179895104.0,45.0,2253180.0,29923.0
2021,하남시,10대,남,77395,1696163806.0,,,
2021,하남시,10대,여,79138,1933171555.0,,,
2021,하남시,20대,남,414993,7203800439.0,,,
2021,하남시,20대,여,470012,9176721642.0,,,
2021,하남시,30대,남,790448,19756449564.0,,,
2021,하남시,30대,여,1126682,28710251438.0,,,
2021,하남시,40대,남,1173386,34550117925.0,,,
2021,하남시,40대,여,1476992,40195755563.0,,,
2021,하남시,50대,남,530351,13272831107.0,,,
2021,하남시,50대,여,633034,14680031161.0,,,
2021,하남시,60대,남,342357,7874236390.0,,,
2021,하남시,60대,여,426161,9714383189.0,,,
2021,하남시,70대,남,117049,2572838899.0,,,
2021,하남시,70대,여,126994,2724360629.0,,,
2021,하남시,80대 이상,남,15728,327474769.0,,,
2021,하남시,80대 이상,여,21574,435151995.0,,,
2021,하남시,기타,-,588580,12968430885.0,,,
2021,하남시,기타,-,6403,145250052.0,,,
2021,화성시,10대,남,255167,5795592817.0,1501.0,65973038.0,22713.0
2021,화성시,10대,여,243679,6085305172.0,1850.0,88630054.0,24973.0
2021,화성시,20대,남,1224387,20715999419.0,9333.0,345949309.0,16919.0
2021,화성시,20대,여,1125048,21718978219.0,10436.0,330584168.0,19305.0
2021,화성시,30대,남,2169073,48217580543.0,18734.0,866802167.0,22230.0
2021,화성시,30대,여,2716835,65032354698.0,26014.0,1063044135.0,23937.0
2021,화성시,40대,남,3119355,84808194723.0,23862.0,1145878143.0,27188.0
2021,화성시,40대,여,3472658,88644315881.0,30127.0,1215437194.0,25526.0
2021,화성시,50대,남,1322681,28902971561.0,9363.0,377339775.0,21852.0
2021,화성시,50대,여,1116416,23546798507.0,9656.0,338088548.0,21091.0
2021,화성시,60대,남,410033,8296674651.0,3407.0,130012462.0,20234.0
2021,화성시,60대,여,392006,8729262930.0,3950.0,140353508.0,22268.0
2021,화성시,70대,남,93924,2016728621.0,878.0,36744696.0,21472.0
2021,화성시,70대,여,94936,2113136980.0,948.0,31082093.0,22259.0
2021,화성시,80대 이상,남,14820,296063119.0,128.0,3424209.0,19977.0
2021,화성시,80대 이상,여,19625,441991314.0,191.0,6208072.0,22522.0
2021,화성시,기타,-,1245634,29800946270.0,11553.0,415381458.0,23924.0
